"precinct","assaults90","assaults91","assaults92","assaults93","assaults94","assaults95","assaults96","assaults97","assaults98","assaults99","assaults00","assaults01","assaults02","assaults03","assaults04","assaults05","assaults06","assaults07","vcrimes90","vcrimes91","vcrimes92","vcrimes93","vcrimes94","vcrimes95","vcrimes96","vcrimes97","vcrimes98","vcrimes99","vcrimes00","vcrimes01","vcrimes02","vcrimes03","vcrimes04","vcrimes05","vcrimes06","vcrimes07","burg90","burg91","burg92","burg93","burg94","burg95","burg96","burg97","burg98","burg99","burg00","burg01","burg02","burg03","burg04","burg05","burg06","burg07","felonies90","felonies91","felonies92","felonies93","felonies94","felonies95","felonies96","felonies97","felonies98","felonies99","felonies00","felonies01","felonies02","felonies03","felonies04","felonies05","felonies06","felonies07","rape90","rape91","rape92","rape93","rape94","rape95","rape96","rape97","rape98","rape99","rape00","rape01","rape02","rape03","rape04","rape05","rape06","rape07","larceny90","larceny91","larceny92","larceny93","larceny94","larceny95","larceny96","larceny97","larceny98","larceny99","larceny00","larceny01","larceny02","larceny03","larceny04","larceny05","larceny06","larceny07","movtheft90","movtheft91","movtheft92","movtheft93","movtheft94","movtheft95","movtheft96","movtheft97","movtheft98","movtheft99","movtheft00","movtheft01","movtheft02","movtheft03","movtheft04","movtheft05","movtheft06","movtheft07","murder90","murder91","murder92","murder93","murder94","murder95","murder96","murder97","murder98","murder99","murder00","murder01","murder02","murder03","murder04","murder05","murder06","murder07","propcrime90","propcrime91","propcrime92","propcrime93","propcrime94","propcrime95","propcrime96","propcrime97","propcrime98","propcrime99","propcrime00","propcrime01","propcrime02","propcrime03","propcrime04","propcrime05","propcrime06","propcrime07","robbery90","robbery91","robbery92","robbery93","robbery94","robbery95","robbery96","robbery97","robbery98","robbery99","robbery00","robbery01","robbery02","robbery03","robbery04","robbery05","robbery06","robbery07","stop_03","stop_04","stop_05","stop_06","stop_07","stop_08","stop_09","stop_10","stop_11","sumis_03","sumis_04","sumis_05","sumis_06","sumis_07","sumis_08","sumis_09","sumis_10","sumis_11","arest_03","arest_04","arest_05","arest_06","arest_07","arest_08","arest_09","arest_10","arest_11","stop_at","sumis_at","arest_at","black","bl_hisp","wh_hisp","white","all_hisp","bl+hisp","race_o_u","male","female","sex_unk","age_q1","age_q2","age_q3","age_q4","age_q5","age_unk","weapon","inside","outside","unifo","no_unifo"
1,492,441,416,353,372,312,304,305,251,226,239,228,227,208,188,183,157,138,1794,1673,1466,727,1010,832,714,678,599,524,504,422,449,385,353,360,282,268,1462,1313,1070,866,803,594,667,614,549,461,456,422,278,384,232,283,244,227,14957,14270,12932,11391,9441,8623,7463,7115,6903,6186,6027,5250,4428,4229,4033,4017,3655,3589,13,5,11,9,12,2,11,10,6,4,10,5,10,11,9,5,5,4,10510,10224,9369,8417,6978,6647,5545,5470,5446,4970,4867,4249,3545,3328,3315,3283,3049,3029,1191,1060,1027,881,650,550,537,353,309,231,200,157,156,132,133,91,80,65,8,7,7,11,4,2,0,0,1,1,3,1,2,2,2,0,1,0,13163,12597,11466,10164,8431,7791,6749,6437,6304,5662,5523,4828,3979,3844,3680,3657,3373,3321,1281,1220,1032,354,622,516,399,363,341,293,252,188,210,164,154,172,119,126,637,831,1418,1967,1887,2506,2585,2446,637,36,66,49,21,22,27,26,65,36,44,60,47,46,117,221,238,260,44,17903,374,1248,10324,665,2883,2783,3548,13872,1248,16380,1253,270,1406,1697,3078,3915,7552,255,246,10405,7384,7784,10119
5,399,443,472,457,416,339,314,283,313,298,270,233,155,151,134,109,140,167,1411,1481,1345,1296,1250,856,784,640,633,631,634,500,357,309,277,258,276,319,857,743,732,771,689,554,581,392,322,276,279,245,206,211,172,150,143,122,6351,6075,6363,5768,4754,4011,2873,3224,2958,2660,2706,2350,2126,2001,1948,1979,1774,1850,10,11,8,11,11,9,16,4,4,4,9,3,6,7,6,11,4,2,3556,3280,3673,3364,2517,2357,2301,2035,1856,1636,1673,1493,1467,1402,1429,1503,1315,1367,527,571,613,337,298,244,207,157,147,117,120,112,96,79,70,68,40,42,19,10,17,10,15,6,2,4,3,5,4,3,0,3,1,4,2,2,4940,4594,5018,4472,3504,3155,3089,2584,2325,2029,2072,1850,1769,1692,1671,1721,1498,1531,983,1017,848,818,808,502,452,349,313,324,351,261,196,148,136,134,130,148,644,960,2493,3378,2834,3132,2880,2871,644,29,62,169,175,123,102,75,123,29,118,68,234,309,258,286,234,340,118,22310,962,2219,8283,1489,5160,2582,6649,14932,4795,19807,2015,487,3266,2658,4125,4619,7300,342,297,10399,11796,11667,10638
6,527,459,518,423,386,287,241,308,308,320,276,232,153,170,135,146,188,174,1977,1693,1620,792,1099,880,751,767,766,691,659,529,473,431,401,386,409,394,1178,923,793,770,781,775,513,375,360,319,269,286,283,272,325,293,257,195,12699,11706,9838,8679,7534,6154,5271,5045,4637,4422,4063,3690,3434,3110,3315,3195,3190,3169,10,11,18,14,9,8,14,16,4,6,5,3,7,11,6,11,6,7,8424,8099,6590,5828,4989,4006,3593,3560,3256,3229,2969,2703,2492,2229,2460,2434,2445,2513,1120,991,835,789,665,493,414,343,255,183,166,172,186,178,129,82,79,67,7,10,5,1,6,4,0,0,4,0,0,1,0,1,3,1,3,5,10722,10013,8218,7387,6435,5274,4520,4278,3871,3731,3404,3161,2961,2679,2914,2809,2781,2775,1433,1213,1079,354,698,581,496,443,450,365,378,293,313,249,257,228,212,208,732,1920,2210,2597,3109,3311,2325,3533,732,17,125,94,78,77,98,45,62,17,86,143,252,139,193,216,163,265,86,22691,661,1679,12605,765,3509,4275,4274,16879,1537,20372,1585,734,1961,2711,4742,5230,7634,413,261,7015,15467,12051,10634
7,400,476,459,430,435,326,260,256,250,247,213,185,195,208,211,167,181,196,1288,1436,1226,780,1164,827,611,551,502,534,505,410,395,415,433,382,366,422,451,470,333,390,394,344,243,236,122,137,138,177,161,156,118,99,118,113,3724,3569,3290,3346,2934,2485,1960,1826,1625,1705,1733,1506,1583,1511,1455,1453,1444,1500,18,16,21,18,20,10,15,5,9,6,13,8,5,10,7,8,6,3,1438,1187,1259,1283,1060,1094,965,890,882,877,939,790,859,812,776,887,873,909,547,476,472,393,316,220,141,149,129,157,151,129,168,128,128,85,87,56,18,12,11,11,8,6,4,7,2,3,0,3,5,6,3,7,4,2,2436,2133,2064,2066,1770,1658,1349,1275,1133,1171,1228,1096,1188,1096,1022,1071,1078,1078,852,932,735,321,701,485,332,283,241,278,279,214,190,191,212,200,175,221,1711,2609,3055,4207,4935,4293,3825,3224,1711,50,80,100,148,201,187,152,117,50,154,272,462,459,598,414,365,418,154,32036,1139,3636,10806,2916,11902,3447,14818,25624,2965,28931,2288,817,5255,5073,7802,6885,6546,475,542,11062,20767,17085,14951
9,946,892,792,790,781,655,551,463,374,369,373,314,313,248,268,271,252,249,2145,2119,1855,1844,1716,1299,1131,1004,819,731,718,577,590,525,501,551,509,470,1417,1554,1143,910,743,743,545,501,378,375,337,309,334,351,376,283,292,204,9750,9223,8213,7888,6984,5999,4932,5116,4424,3934,3610,3045,3328,3312,3356,3078,2987,3020,41,29,29,40,31,8,25,27,10,12,10,10,13,10,19,14,9,13,5378,4782,4600,4583,4092,3599,2967,3387,3017,2666,2389,2008,2228,2283,2337,2118,2105,2255,810,768,615,551,433,358,289,224,210,162,166,151,176,153,142,126,81,91,23,13,15,16,6,4,13,6,4,3,3,2,1,3,4,2,1,0,7605,7104,6358,6044,5268,4700,3801,4112,3605,3203,2892,2468,2738,2787,2855,2527,2478,2550,1135,1185,1019,998,898,632,542,508,431,347,332,251,263,264,210,264,247,208,1695,2527,3641,4450,4155,4635,5196,5177,1695,74,98,115,241,162,148,111,142,74,151,152,428,415,504,506,565,748,151,36843,1211,4364,12176,2830,11780,7531,14610,26786,2526,32917,2821,1105,4689,5218,8498,8160,9635,643,655,10902,25779,17845,18987
10,418,433,457,432,480,343,332,330,279,227,227,157,138,183,200,178,217,208,1208,1246,1167,982,1065,837,723,739,551,494,429,301,298,410,395,376,407,362,815,616,644,609,597,411,365,338,287,182,171,97,136,215,186,164,167,106,6064,5859,5287,4592,4361,3731,3219,3256,2648,2491,2464,1948,2009,2294,2242,2215,2272,2002,23,18,29,24,16,10,6,16,5,11,9,5,2,18,15,14,9,6,3001,3270,2808,2383,2208,2033,1729,1777,1509,1605,1670,1417,1442,1520,1539,1581,1604,1471,1040,727,668,518,491,450,402,402,301,210,194,133,133,149,122,94,94,63,6,9,8,8,3,6,3,3,3,8,2,3,2,2,5,4,4,0,4856,4613,4120,3510,3296,2894,2496,2517,2097,1997,2035,1647,1711,1884,1847,1839,1865,1640,761,786,673,518,566,478,382,390,264,248,191,136,156,207,175,180,177,148,1436,3047,3865,3127,3437,4213,2760,2728,1436,39,130,78,49,132,121,65,58,39,160,197,259,257,264,333,289,343,160,27702,743,2411,12394,1467,6503,5273,7970,20364,2065,24631,2178,893,2759,3790,6557,6433,7442,721,397,7636,19728,12812,14887
13,506,470,517,407,491,385,353,323,301,354,387,283,280,223,250,218,230,281,1858,1650,1655,1521,1361,1103,982,861,735,744,736,609,636,553,574,529,552,533,1864,1785,1998,1532,1115,1098,859,661,618,598,535,524,577,546,416,406,431,340,15075,13805,12559,11062,8989,7680,7088,6859,5777,5603,5357,5202,5300,4769,4736,4370,4207,4226,21,27,23,20,18,12,14,21,5,7,6,12,22,18,20,9,10,6,9539,8658,7704,6831,5619,4798,4651,4781,3997,3920,3787,3838,3914,3480,3585,3310,3115,3286,1814,1685,1202,1228,894,681,596,556,427,341,299,231,173,190,161,125,109,67,12,6,8,6,10,6,3,8,2,7,2,2,2,4,3,3,2,3,13217,12128,10904,9591,7628,6577,6106,5998,5042,4859,4621,4593,4664,4216,4162,3841,3655,3693,1319,1147,1107,1088,842,700,612,509,427,376,341,312,332,308,301,299,310,243,768,1751,2545,3307,4250,5201,4594,4047,768,20,105,79,114,96,114,82,115,20,65,134,147,274,349,400,346,335,65,31715,824,2591,14004,1735,7252,6033,8987,22991,2691,28519,2453,743,3207,3340,6206,6933,11570,459,982,16257,15271,11588,20114
14,1508,1186,1057,928,937,702,605,539,564,563,604,473,469,346,339,281,269,285,5784,4637,3893,3519,2899,2093,1700,1571,1451,1275,1250,1014,957,758,692,636,559,547,2895,2667,2339,2297,2055,1807,1246,1065,872,781,680,785,619,688,493,515,544,455,31437,29158,27007,23824,20714,16699,14579,14395,13625,12253,11798,10662,9852,9073,8666,8137,7881,7932,41,37,37,33,19,32,17,16,14,7,10,10,12,14,22,16,4,13,22145,21302,20371,17630,15409,12524,11361,11540,11142,10053,9760,8763,8181,7559,7422,6929,6747,6897,613,552,404,378,351,275,272,219,160,144,108,100,95,68,59,57,31,33,8,12,7,11,3,4,8,3,3,2,7,4,8,4,2,1,1,2,25653,24521,23114,20305,17815,14606,12879,12824,12174,10978,10548,9648,8895,8315,7974,7501,7322,7385,4227,3402,2792,2547,1940,1355,1070,1013,870,703,629,527,468,394,329,338,285,247,3155,4529,6773,9883,9701,11258,10094,12125,3155,102,196,159,152,209,259,231,326,102,305,249,282,430,547,652,608,862,305,78183,1842,4635,42990,3303,15212,10857,18515,61505,5819,69879,6246,2056,5452,7940,14257,17385,31954,1195,1932,48594,29151,37966,40217
17,267,313,273,261,241,212,161,178,127,109,117,154,110,132,116,114,118,91,1025,1000,936,788,659,514,457,405,384,304,295,307,254,249,232,247,226,193,1347,1323,1196,1207,963,827,709,455,486,382,240,236,224,212,217,179,201,119,8381,7985,6659,6929,6348,5416,4955,3985,3649,3384,3100,3037,2556,2413,2010,1752,1743,1610,12,16,10,11,11,8,12,7,8,11,8,6,14,8,9,8,9,7,5165,4905,3872,4131,4147,3678,3393,2801,2591,2543,2432,2367,1984,1877,1501,1275,1276,1254,844,757,655,703,579,397,396,324,188,155,133,127,94,75,60,51,40,44,6,5,2,0,2,0,1,3,0,0,1,0,1,1,0,0,2,1,7356,6985,5723,6041,5689,4902,4498,3580,3265,3080,2805,2730,2302,2164,1778,1505,1517,1417,740,666,651,516,405,294,283,217,249,184,169,147,129,108,107,125,97,94,328,442,730,1429,1617,1990,1611,1842,328,9,14,33,53,38,71,27,55,9,102,42,37,101,107,104,78,80,102,12049,345,757,4601,644,2530,2827,3174,7775,1447,10646,1021,382,836,1003,2311,3010,4734,155,291,5358,6637,6802,5245
18,633,591,594,598,687,445,470,438,453,350,353,344,305,254,245,253,239,200,2802,2380,2259,2010,1776,1303,1210,1103,1068,853,798,756,645,544,528,546,466,379,2651,2174,2031,1924,1887,1527,1395,1311,928,671,587,427,395,378,325,321,242,201,20845,18480,17631,16610,15789,11957,10585,9907,9164,8553,7951,7663,6254,5650,5452,5139,4311,4177,18,26,20,21,23,15,17,25,13,14,14,10,13,19,23,20,4,12,14376,13162,12762,12197,11671,8733,7574,7186,6877,6830,6339,6277,5019,4564,4479,4170,3538,3529,1016,764,579,479,455,394,406,307,291,199,227,203,195,164,120,102,65,68,16,17,16,11,8,7,0,3,3,7,1,5,2,4,3,3,4,1,18043,16100,15372,14600,14013,10654,9375,8804,8096,7700,7153,6907,5609,5106,4924,4593,3845,3798,2135,1746,1629,1380,1058,836,723,637,599,482,430,397,325,267,257,270,219,166,870,1496,1840,2918,2570,3485,2495,3153,870,35,51,55,82,65,53,54,83,35,66,62,93,174,231,216,174,263,66,22460,532,1603,10702,1028,4478,4164,5506,16208,2088,19416,2184,860,2221,2451,4320,4900,8087,481,369,9911,12419,12209,10251
19,532,569,578,590,556,387,362,381,298,265,320,228,177,182,155,144,219,212,2472,2439,2116,1986,1679,1258,1024,968,778,740,727,604,540,463,478,470,474,448,3595,3444,3093,2935,2312,1969,1738,1150,947,689,676,672,682,528,518,431,468,346,20945,20278,19157,17719,15265,11631,9890,8260,7025,6307,6232,6054,5347,4951,5120,4584,4456,4276,27,21,31,26,21,12,12,18,15,10,14,8,11,12,16,9,9,10,11540,10698,10303,9400,8230,6370,5382,4921,4267,4231,4282,4471,3824,3733,3906,3495,3384,3339,3338,3697,3645,3398,3044,2034,1746,1221,1033,647,547,307,301,227,218,188,130,143,9,8,7,5,8,1,7,2,6,4,3,1,3,2,0,4,1,5,18473,17839,17041,15733,13586,10373,8866,7292,6247,5567,5505,5450,4807,4488,4642,4114,3982,3828,1904,1841,1500,1365,1094,858,643,567,459,461,390,367,349,267,307,313,245,221,988,1248,3400,6385,6898,5394,3784,4260,988,27,46,94,342,465,228,221,276,27,154,76,277,409,706,554,437,565,154,37607,2013,3820,12859,2259,9062,9665,11321,24180,3762,32873,3271,1463,4225,3707,7002,8552,13659,462,330,10086,27355,23928,13657
20,372,365,385,300,285,265,232,189,178,134,196,183,164,137,138,129,124,139,1366,1291,1207,834,809,699,580,478,481,383,380,365,359,306,313,290,277,265,1302,1085,1217,893,703,581,441,306,324,287,203,153,227,226,203,183,134,120,9763,9723,8904,7696,6156,5167,4312,4160,3377,3019,3024,2772,2693,2506,2529,2437,2112,1977,13,10,14,17,6,9,14,7,13,8,6,7,7,13,7,5,5,7,5411,5925,5200,4719,3736,3169,2703,2823,2177,2086,2236,2106,1946,1852,1885,1876,1635,1547,1684,1422,1280,1150,908,718,588,553,395,263,205,148,161,122,128,88,66,45,3,9,1,1,6,3,5,4,3,0,1,1,1,2,1,0,1,0,8397,8432,7697,6762,5347,4468,3732,3682,2896,2636,2644,2407,2334,2200,2216,2147,1835,1712,978,907,807,516,512,422,329,278,287,241,177,174,187,154,167,156,147,119,840,1909,2446,3584,3359,2838,3041,4533,840,69,107,183,233,174,113,176,367,69,108,140,154,166,312,300,472,499,108,27787,1833,2568,10988,1648,6290,6199,7938,18926,2662,23558,3253,976,4376,2684,4705,5464,10146,412,254,8352,19214,19950,7836
22,-9999,-9999,-9999,-9999,-9999,-9999,-9999,-9999,-9999,-9999,-9999,-9999,-9999,-9999,-9999,-9999,-9999,-9999,-9999,-9999,-9999,-9999,-9999,-9999,-9999,-9999,-9999,-9999,-9999,-9999,-9999,-9999,-9999,-9999,-9999,-9999,-9999,-9999,-9999,-9999,-9999,-9999,-9999,-9999,-9999,-9999,-9999,-9999,-9999,-9999,-9999,-9999,-9999,-9999,-9999,-9999,-9999,-9999,-9999,-9999,-9999,-9999,-9999,-9999,-9999,-9999,-9999,-9999,-9999,-9999,-9999,-9999,-9999,-9999,-9999,-9999,-9999,-9999,-9999,-9999,-9999,-9999,-9999,-9999,-9999,-9999,-9999,-9999,-9999,-9999,-9999,-9999,-9999,-9999,-9999,-9999,-9999,-9999,-9999,-9999,-9999,-9999,-9999,-9999,-9999,-9999,-9999,-9999,-9999,-9999,-9999,-9999,-9999,-9999,-9999,-9999,-9999,-9999,-9999,-9999,-9999,-9999,-9999,-9999,-9999,-9999,-9999,-9999,-9999,-9999,-9999,-9999,-9999,-9999,-9999,-9999,-9999,-9999,-9999,-9999,-9999,-9999,-9999,-9999,-9999,-9999,-9999,-9999,-9999,-9999,-9999,-9999,-9999,-9999,-9999,-9999,-9999,-9999,-9999,-9999,-9999,-9999,-9999,-9999,-9999,-9999,-9999,-9999,-9999,-9999,-9999,-9999,-9999,-9999,-9999,-9999,-9999,-9999,-9999,-9999,119,409,1177,731,846,675,591,1246,119,3,36,57,31,48,54,47,79,3,8,19,38,12,23,33,27,39,8,7210,466,252,3025,652,1568,1287,2220,5245,678,6169,615,426,2517,820,925,1030,1764,154,34,1195,5829,4948,2256
23,1124,1122,1104,994,967,801,672,724,677,593,648,572,455,455,395,407,373,351,2299,2200,2102,2017,1880,1568,1357,1400,1209,1134,1123,993,887,832,748,760,724,676,712,823,726,477,482,421,312,363,356,229,208,181,143,103,109,88,90,104,5966,7050,5562,4948,4239,3308,2852,3011,2807,2432,2364,2229,2005,1876,1752,1833,1733,1725,36,50,48,52,51,36,29,26,30,27,13,28,23,21,27,33,13,15,2437,3446,2193,2030,1551,1053,931,1060,1077,917,877,920,853,813,786,884,857,873,518,581,541,424,326,266,252,188,165,152,156,135,122,128,109,101,62,72,31,34,33,27,22,22,19,17,15,9,9,10,8,8,5,11,10,10,3667,4850,3460,2931,2359,1740,1495,1611,1598,1298,1241,1236,1118,1044,1004,1073,1009,1049,1108,994,917,944,840,709,637,633,487,505,453,383,401,348,321,309,328,300,2982,5530,10562,16652,15188,15510,14501,17281,2982,130,309,781,1050,860,1019,972,2359,130,187,430,599,623,896,1134,1442,1471,187,115704,8064,7733,60506,8929,36913,3115,45842,106348,6240,103867,8395,3441,25052,19337,24543,21369,23311,2092,637,47322,67958,90673,24999
24,751,724,759,772,699,558,481,389,384,320,337,294,233,231,214,209,225,189,1995,1798,1720,1723,1593,1216,1035,882,834,714,723,647,564,601,525,511,496,447,1339,1092,1338,1054,939,677,411,345,408,310,229,245,226,215,173,219,145,143,8879,10190,8175,7807,6257,4729,3625,3547,3224,2816,2903,2559,2540,2599,2476,2719,2296,2208,34,30,21,30,24,21,14,17,17,10,11,11,14,11,13,18,8,6,4027,5879,3939,4025,3034,2269,1751,1933,1617,1508,1708,1476,1591,1625,1664,1883,1544,1547,1518,1421,1178,1005,691,567,428,387,365,284,243,191,159,158,114,106,111,71,17,14,15,23,12,4,7,7,2,2,3,3,2,5,0,2,5,2,6884,8392,6455,6084,4664,3513,2590,2665,2390,2102,2180,1912,1976,1998,1951,2208,1800,1761,1193,1030,925,898,858,633,533,469,431,382,372,339,315,354,298,282,258,250,1276,1639,1926,3714,4713,4147,3077,4005,1276,58,93,89,178,303,314,133,334,58,107,139,148,212,400,366,396,556,107,29415,1902,2889,15269,2838,7271,2388,10109,25378,1649,26266,2601,548,5151,3485,4412,4822,11055,490,248,12758,16485,18778,10637
25,1102,1066,975,1039,923,765,695,636,498,486,521,481,425,427,432,375,369,335,2258,2115,2024,2039,1885,1466,1259,1160,931,868,863,787,764,793,732,703,683,631,793,617,666,556,482,461,367,302,270,178,150,171,112,146,177,146,145,116,5281,5012,4264,4339,3651,3120,2769,2524,2259,1975,1994,1874,1852,1991,1815,1747,1650,1959,75,52,50,35,36,40,32,25,29,15,18,16,13,23,30,16,21,9,1838,1894,1243,1403,1061,1029,946,931,934,811,857,802,838,961,820,825,740,1137,392,386,331,341,223,164,197,131,124,118,124,114,138,91,86,73,82,75,35,43,34,37,30,23,16,10,7,9,10,7,7,6,8,8,9,10,3023,2897,2240,2300,1766,1654,1510,1364,1328,1107,1131,1087,1088,1198,1083,1044,967,1328,1046,954,965,928,896,638,516,489,397,358,314,283,319,337,262,304,284,277,2601,3667,4489,5350,7915,8604,8219,10696,2601,99,147,217,321,454,604,295,1094,99,193,334,478,539,1041,1348,1137,1343,193,61467,3795,7248,36696,4437,14709,2007,19146,55842,3618,54974,4218,2275,9361,8662,12317,12695,17463,969,996,25592,35570,39335,22131
26,517,526,502,502,418,387,348,326,306,270,268,207,229,175,184,128,174,142,1341,1410,1332,1309,1139,929,821,697,656,564,501,435,471,403,434,416,425,359,778,676,718,604,514,437,276,261,250,168,182,114,89,118,103,101,93,67,5284,5887,5089,4353,3457,2967,2458,2276,2099,1786,1857,1548,1522,1546,1476,1406,1547,1340,23,34,34,20,21,20,26,14,14,8,4,9,8,11,15,13,8,7,2528,3148,2573,2081,1554,1399,1189,1212,1075,930,1056,872,851,930,869,825,971,861,637,653,466,359,250,202,172,106,118,124,118,127,111,95,70,64,58,53,15,15,11,14,13,4,8,3,3,4,4,1,2,4,5,5,0,2,3943,4477,3757,3044,2318,2038,1637,1579,1443,1222,1356,1113,1051,1143,1042,990,1122,981,786,835,785,773,687,518,439,354,333,282,225,218,232,213,230,270,243,208,1130,2298,5534,5302,4320,4277,4059,4582,1130,55,192,986,407,292,238,212,245,55,117,163,190,183,222,304,390,476,117,36493,3008,2543,24988,2504,6407,1411,8911,33899,1183,32793,3162,538,7619,4895,6283,6368,10426,902,260,16204,19882,25084,11409
28,1265,1120,1086,958,906,873,749,710,595,474,490,473,349,262,299,263,282,256,2426,2265,2082,1923,1724,1521,1392,1257,1053,818,828,746,615,567,555,618,605,551,872,946,794,874,740,599,419,375,272,220,206,134,136,153,150,119,166,97,6344,6756,5089,4766,3949,3444,3016,2779,2199,1832,1987,1796,1684,1688,1717,1641,1671,1605,71,44,41,37,34,36,31,28,30,5,18,13,17,18,14,16,11,8,2835,3320,2056,1824,1350,1198,1106,1033,789,702,875,809,838,872,927,851,844,916,211,225,157,145,135,126,99,114,85,92,78,107,95,96,85,53,56,41,40,35,32,35,27,30,18,9,8,6,5,8,3,5,8,5,12,4,3918,4491,3007,2843,2225,1923,1624,1522,1146,1014,1159,1050,1069,1121,1162,1023,1066,1054,1050,1066,923,893,757,582,594,510,420,333,315,252,246,282,234,334,300,283,1715,2192,5731,11920,6410,6369,7413,7657,1715,92,73,263,367,228,456,349,336,92,130,150,407,371,458,600,511,639,130,58145,2645,3777,46473,1896,5343,1429,7239,53712,3004,51255,4752,2138,8825,7831,10970,11348,18312,859,356,17498,40016,44758,13385
30,1049,999,866,924,850,738,716,680,630,546,516,540,460,395,398,355,328,322,2039,1883,1674,1736,1604,1366,1292,1192,1130,984,941,871,793,755,734,702,658,666,799,832,830,772,773,549,419,384,386,298,342,207,178,170,201,135,147,113,4861,4766,4040,3960,3832,3296,2766,2518,2398,2143,2191,1797,1731,1741,1829,1567,1568,1369,44,34,39,37,40,28,41,31,19,15,22,24,14,22,28,25,20,16,1463,1619,1152,1130,1182,1119,867,799,718,702,739,596,660,705,804,650,691,529,560,432,384,322,273,262,188,143,164,159,169,123,100,111,90,80,72,61,54,56,33,57,29,37,22,17,13,14,9,11,9,5,9,6,12,5,2822,2883,2366,2224,2228,1930,1474,1326,1268,1159,1250,926,938,986,1095,865,910,703,892,794,736,718,685,563,513,464,468,409,394,296,310,333,299,316,298,323,1197,5382,6027,5055,7211,3318,7633,4836,1197,71,695,440,266,397,283,992,447,71,135,347,193,114,325,295,500,481,135,48209,4077,3096,19188,8882,14174,1171,23056,42244,4793,42570,2333,3305,7935,8304,12173,10022,8714,1061,498,11889,35810,37855,10344
32,1499,1413,1432,1466,1353,1191,1050,916,880,794,714,701,627,569,581,538,527,473,2660,2477,2601,2548,2431,2110,1818,1632,1489,1291,1194,1194,1029,992,1012,989,981,857,1239,1041,1055,978,844,658,515,464,378,294,288,243,228,216,192,159,202,180,6240,6145,5544,5238,4923,4280,3654,3384,3011,2574,2585,2619,2297,2179,2151,2153,2048,1867,83,62,71,77,52,49,54,43,31,32,31,29,26,38,26,35,28,26,1851,2166,1537,1437,1406,1286,1091,1119,990,841,952,1020,905,859,834,906,774,744,490,461,351,275,242,226,230,169,154,148,151,162,135,112,113,99,91,86,65,47,56,57,51,30,29,20,6,19,17,22,14,13,18,9,17,9,3580,3668,2943,2690,2492,2170,1836,1752,1522,1283,1391,1425,1268,1187,1139,1164,1067,1010,1013,955,1042,948,975,840,685,653,572,446,432,442,362,372,387,407,409,349,1970,5291,4688,12838,9934,11524,12127,10725,1970,123,347,608,1585,1658,1210,1098,1337,123,182,241,154,471,694,1014,970,1075,182,81956,10058,5994,69395,2591,6061,1105,8652,78047,2804,74204,6324,1428,18121,13852,16984,14595,16233,2171,768,24526,57154,63898,18058
33,-9999,-9999,-9999,-9999,161,670,581,570,564,474,515,500,514,362,375,342,313,302,-9999,-9999,-9999,-9999,317,1227,1113,994,933,826,831,802,833,701,673,637,586,541,-9999,-9999,-9999,-9999,136,562,407,380,374,269,292,196,164,168,179,145,139,134,-9999,-9999,-9999,-9999,952,3519,2976,2876,2518,2113,2185,2026,2000,2001,1929,1692,1625,1532,-9999,-9999,-9999,-9999,10,34,35,24,20,30,9,14,24,19,9,20,17,9,-9999,-9999,-9999,-9999,353,1268,1154,1231,918,780,857,828,809,947,953,795,797,762,-9999,-9999,-9999,-9999,146,462,302,271,293,238,205,200,194,185,124,115,103,95,-9999,-9999,-9999,-9999,8,22,16,5,6,10,12,8,5,6,5,6,10,5,-9999,-9999,-9999,-9999,635,2292,1863,1882,1585,1287,1354,1224,1167,1300,1256,1055,1039,991,-9999,-9999,-9999,-9999,138,501,481,395,343,312,295,280,290,314,284,269,246,225,2261,3637,4075,4469,4769,4525,5829,4358,2261,147,314,429,192,363,409,726,565,147,415,232,170,149,254,420,473,355,415,40964,3535,2853,9407,10003,16595,1491,26598,36005,3466,37051,1843,2068,6461,7266,10399,8140,7416,1282,370,10596,29856,26514,14449
34,1819,1540,1515,1455,1218,594,520,578,513,538,479,466,433,398,401,409,365,405,3907,3602,3184,3070,2577,1228,1111,1063,930,985,866,821,799,743,773,758,720,699,2630,1919,2037,2073,1995,1152,933,748,750,715,608,414,370,304,386,281,260,291,13483,11682,10966,10394,9346,5020,4018,3226,3088,3063,2909,2616,2924,2452,2539,2369,1982,2006,66,86,42,78,54,28,24,24,25,12,22,16,25,25,29,16,17,15,4251,3968,3635,3251,3147,1710,1201,973,1005,972,1028,1023,1375,1065,1084,1091,803,849,2695,2193,2110,2000,1627,930,773,442,403,391,407,358,380,340,296,239,199,167,103,119,98,75,48,19,22,18,9,16,8,7,7,9,5,10,10,1,9576,8080,7782,7324,6769,3792,2907,2163,2158,2078,2043,1795,2125,1709,1766,1611,1262,1307,1919,1857,1529,1462,1257,587,545,443,383,419,357,332,334,311,338,323,328,278,1792,3737,3868,7282,6717,7611,7296,6800,1792,233,374,219,435,453,1042,1058,984,233,128,161,181,167,331,447,364,487,128,56651,5529,2700,6838,18326,24957,1943,43283,50121,4587,52231,2738,1682,9636,11377,15937,10960,7603,1138,513,10645,45649,40953,15698
40,1649,1668,1522,1510,1269,1086,1090,975,1019,903,984,823,745,757,730,697,605,640,3964,3895,3479,3541,2830,2249,2123,1972,1890,1684,1634,1479,1377,1442,1361,1293,1119,1108,1330,1220,1149,1310,1076,1001,760,617,507,408,439,316,269,256,280,249,223,220,9721,9126,8264,8028,6894,5738,5126,4467,4212,4005,4192,4052,3774,3959,3615,3682,3306,3509,81,58,45,56,43,60,47,34,44,52,26,38,31,35,23,15,24,7,3254,3007,2699,2513,2382,2051,1933,1652,1537,1625,1796,1968,1845,2019,1739,1932,1741,2006,1173,1004,937,664,606,437,310,226,278,288,323,289,283,242,235,208,223,175,72,84,80,70,40,27,29,18,15,15,13,27,16,16,8,10,14,14,5757,5231,4785,4487,4064,3489,3003,2495,2322,2321,2558,2573,2397,2517,2254,2389,2187,2401,2162,2085,1832,1905,1478,1076,957,945,812,714,611,591,585,634,600,571,476,447,4243,7614,13049,15481,12662,12616,15167,17262,4243,268,463,831,1455,1251,1152,743,1180,268,266,455,663,721,715,716,608,1098,266,115784,8393,6363,54423,11702,41093,1501,52795,107218,7064,102616,8959,4208,23792,19190,24987,21940,22810,3065,948,47342,67384,99035,16734
41,882,857,808,762,767,786,703,745,1023,806,878,744,597,560,543,510,458,470,2049,2068,1773,1193,1487,1445,1215,1287,1375,1166,1192,1017,863,854,812,796,764,806,896,1023,825,894,782,691,507,460,282,292,372,216,219,239,221,208,202,191,5084,5191,4377,4359,3770,3345,2969,2900,2729,2624,2818,2530,2457,2429,2180,2226,2142,2310,29,22,24,29,27,30,21,30,22,9,22,14,13,24,17,17,13,16,1478,1493,1272,1331,1143,938,988,958,902,936,1035,1104,1132,1119,975,1045,1012,1166,661,607,507,441,358,271,259,195,170,230,219,193,243,217,172,177,164,147,43,51,49,42,42,19,16,13,8,10,5,12,7,6,4,10,14,8,3035,3123,2604,2666,2283,1900,1754,1613,1354,1458,1626,1513,1594,1575,1368,1430,1378,1504,1095,1138,892,360,651,610,475,499,322,341,287,247,246,264,248,259,279,312,1950,2150,3870,3698,3386,7408,8038,7838,1950,118,180,321,300,265,573,687,686,118,279,162,281,225,244,527,465,624,279,49667,3932,3310,20010,5766,19507,969,25273,45283,3415,43523,3819,2325,11022,8758,11345,9682,8737,123,289,11181,38368,33019,16645
42,1252,1293,1195,1283,1227,1094,840,819,780,760,744,713,544,577,596,579,514,505,2570,2773,2533,2667,2448,2117,1625,1555,1417,1276,1209,1114,983,1018,1008,1063,936,910,1054,1104,1118,1087,1009,768,634,515,432,419,397,344,338,355,326,315,333,309,5798,6003,5479,5493,5015,4387,3766,3333,2964,2890,2779,2708,2675,2735,2701,2865,2754,2807,56,62,52,62,38,50,30,55,44,24,29,38,34,22,29,21,13,16,1374,1456,1363,1266,1177,1151,1235,1044,887,946,914,1007,1088,1112,1138,1260,1281,1427,800,670,465,473,381,351,272,219,228,249,259,243,266,250,229,227,204,161,54,43,46,37,46,32,20,17,12,8,12,18,18,10,10,7,17,8,3228,3230,2946,2826,2567,2270,2141,1778,1547,1614,1570,1594,1692,1717,1693,1802,1818,1897,1208,1375,1240,1285,1137,941,735,664,581,484,424,345,387,409,373,456,392,381,1720,4109,5110,7390,7483,8555,9471,11683,1720,153,221,474,804,1424,1240,641,598,153,210,296,369,503,532,640,423,810,210,67935,6021,4569,40076,5604,16961,633,22565,62641,4661,59972,4995,2968,15216,12261,15020,12392,12107,939,623,18057,49469,50672,17260
43,1627,1524,1504,1603,1514,1542,1083,1083,1168,1055,1047,1025,979,879,961,900,796,826,3862,3862,3825,3793,3505,3105,2356,2326,2190,1951,1849,1692,1679,1551,1603,1515,1359,1355,1934,2003,1899,1913,1748,1393,982,947,732,698,760,713,610,537,473,448,421,386,12376,11973,11464,10783,10760,9123,7559,7223,6278,5995,5864,5963,5352,5133,5065,4716,4226,4327,76,79,71,59,73,68,65,69,66,58,56,51,63,42,35,24,28,16,3339,3187,3273,2975,3439,3213,2916,2821,2493,2434,2397,2797,2344,2346,2332,2236,1982,2187,3241,2921,2467,2102,2068,1412,1305,1129,863,912,858,761,719,699,657,517,464,399,50,66,74,69,50,34,28,27,15,22,16,14,28,10,15,14,12,6,8514,8111,7639,6990,7255,6018,5203,4897,4088,4044,4015,4271,3673,3582,3462,3201,2867,2972,2109,2193,2176,2062,1868,1461,1180,1147,941,816,730,602,609,620,592,577,523,507,2127,3366,4104,9784,8951,10222,9886,11507,2127,135,227,343,1151,747,627,560,542,135,243,406,352,707,728,794,1050,1072,243,77228,5211,6552,35577,8342,26970,1407,35312,70889,4932,68434,6164,2630,15319,14326,17458,15038,14202,885,849,23514,53496,63294,13907
44,2054,1955,1867,1840,1725,1708,1296,1311,1266,1313,1325,1137,962,839,926,871,808,811,4420,4226,3925,4014,3644,3321,2688,2482,2336,2232,2265,1934,1725,1457,1524,1486,1330,1344,2299,2236,2319,2110,1854,1592,1431,1095,851,745,825,505,483,457,373,350,299,351,10931,10584,10118,9994,9109,8049,6881,6170,5520,5531,5762,4908,4496,4420,3952,4165,3917,3558,90,90,78,75,75,84,77,62,69,65,49,47,68,67,38,28,26,25,2464,2443,2313,2546,2451,2223,1996,1931,1761,1966,2077,1989,1806,2044,1640,1899,1962,1599,1748,1679,1561,1324,1160,913,766,662,572,588,595,480,482,462,415,430,326,264,89,70,80,69,48,44,19,26,20,24,25,30,26,23,17,16,13,21,6511,6358,6193,5980,5465,4728,4193,3688,3184,3299,3497,2974,2771,2963,2428,2679,2587,2214,2187,2111,1900,2030,1796,1485,1296,1083,981,830,866,720,669,528,543,571,483,487,1677,3232,5167,9208,7997,8883,11956,12898,1677,125,223,378,192,353,321,363,575,125,371,310,203,251,343,379,515,1202,371,77921,3119,4838,36223,10058,24272,1031,34330,70553,6336,69594,3567,4759,18370,15123,17761,14261,11511,895,867,16285,61334,64242,13679
45,421,481,472,41,442,465,358,362,337,366,365,333,260,270,273,316,252,298,963,1051,1010,521,906,901,782,803,687,659,615,566,478,485,526,563,510,505,821,792,700,799,668,508,431,382,382,329,374,355,293,308,281,225,268,246,6688,6176,5714,5875,5783,4509,4435,4173,3668,3411,3399,3510,3100,3138,3265,2758,2425,2435,21,30,19,13,25,19,13,23,28,20,19,16,15,16,9,10,9,8,2214,1913,1767,1949,2053,1673,1689,1607,1517,1430,1618,1956,1749,1822,1926,1580,1285,1358,2690,2420,2237,2196,2156,1427,1533,1381,1082,993,792,633,580,523,532,390,362,326,16,13,22,17,3,10,6,11,4,7,7,5,3,4,7,4,4,6,5725,5125,4704,4944,4877,3608,3653,3370,2981,2752,2784,2944,2622,2653,2739,2195,1915,1930,505,527,497,450,436,407,405,407,318,266,224,212,200,195,237,233,245,193,1161,1388,1796,2551,2635,3402,4285,4907,1161,61,89,84,109,135,179,352,285,61,129,157,140,204,161,174,245,318,129,27487,1733,1874,9110,2326,8204,5477,10530,19640,2370,24140,2111,1236,7858,4878,5039,4383,4732,597,278,4492,22838,17312,10175
46,2009,1944,1530,1559,1692,1586,1169,1219,1253,1195,1158,1146,1001,897,805,740,693,753,5001,4747,4038,3836,3595,3315,2622,2372,2231,2093,1883,1800,1733,1585,1488,1378,1340,1329,2083,1918,2188,2375,2224,1875,1634,1126,1031,945,817,650,519,606,573,459,320,283,11208,10684,9994,9680,9024,7935,6730,5780,5562,5136,4748,4701,4366,4300,4090,3941,3421,3304,75,60,72,71,81,78,82,81,66,47,36,54,55,53,37,32,35,21,2885,2808,2748,2590,2312,2127,1902,1823,1842,1658,1632,1812,1704,1772,1706,1740,1532,1495,1239,1211,1020,879,893,618,572,459,458,440,416,439,410,337,323,364,229,197,82,86,61,64,38,42,37,20,21,15,23,19,16,8,18,22,18,18,6207,5937,5956,5844,5429,4620,4108,3408,3331,3043,2865,2901,2633,2715,2602,2563,2081,1975,2835,2657,2375,2142,1784,1609,1334,1052,891,836,666,581,661,627,628,584,594,537,2262,3138,4063,5199,6068,7697,8999,11927,2262,187,338,355,422,666,659,1056,1098,187,151,345,447,407,509,389,520,482,151,63071,5643,3563,27525,8615,22502,769,31117,58642,3658,58270,3581,1218,13068,12711,15033,11833,9981,445,701,12561,50411,52170,10900
47,1221,1244,1329,1438,1072,1089,936,936,909,842,803,736,645,590,643,602,904,713,2557,2822,2856,2956,2440,2243,1936,1853,1660,1458,1425,1263,1103,1056,1057,1043,1363,1095,1679,1964,1833,1829,1423,1322,1144,1169,953,947,680,530,431,448,367,344,351,373,9158,9354,8637,8461,7517,6823,6108,5714,4998,4652,4490,3784,3616,3279,3130,2958,3176,2761,60,45,59,94,45,62,70,59,68,29,52,38,53,37,27,40,34,25,2176,2101,2044,2049,2076,1895,1817,1786,1550,1464,1584,1403,1567,1288,1225,1144,1075,936,2746,2467,1904,1627,1578,1363,1211,906,835,783,801,588,515,487,481,427,387,357,40,38,42,35,35,46,24,17,21,9,29,17,24,27,18,11,17,18,6601,6532,5781,5505,5077,4580,4172,3861,3338,3194,3065,2521,2513,2223,2073,1915,1813,1666,1236,1495,1426,1389,1288,1046,906,841,662,578,541,472,381,402,369,390,408,339,2590,4364,3747,7140,6961,7210,6685,9689,2590,193,257,324,551,751,543,443,1017,193,262,209,317,349,474,574,458,1167,262,59322,4818,4729,42773,2516,8604,1414,11120,53893,4015,52365,4689,2268,13716,11559,13424,10135,9453,1035,638,14718,43826,46544,12776
48,1068,978,936,1062,1089,903,770,782,766,693,748,696,660,544,559,475,437,549,2467,2225,2147,2320,2153,1741,1499,1418,1408,1288,1244,1170,1118,971,989,906,928,990,1621,1294,1270,1288,1283,983,840,718,671,616,614,399,365,414,385,289,326,312,6585,5960,5789,6029,5585,4746,4189,3682,3726,3671,3670,3434,3258,3159,3097,2744,2823,2841,35,47,52,47,40,50,28,30,31,37,42,29,33,29,22,24,19,13,1701,1584,1665,1798,1531,1549,1441,1264,1341,1452,1487,1551,1459,1496,1463,1315,1380,1360,796,857,707,623,618,473,409,282,306,315,325,314,316,278,260,234,189,179,137,41,31,40,26,15,25,14,23,7,17,13,7,8,12,9,17,8,4118,3735,3642,3709,3432,3005,2690,2264,2318,2383,2426,2264,2140,2188,2108,1838,1895,1851,1227,1159,1128,1171,998,773,676,592,588,551,437,432,418,390,396,398,455,420,1317,2249,2067,4867,3317,4109,3533,3643,1317,68,94,247,545,278,457,247,289,68,76,69,137,171,193,223,268,502,76,30367,2496,1992,12859,3058,11359,1082,14417,27276,2009,26977,2183,1207,5550,5124,6721,6174,6063,735,293,6112,23990,23217,7145
49,590,691,645,673,617,554,412,414,406,422,494,426,340,287,264,291,343,328,1406,1485,1428,1313,1415,1145,943,956,849,844,913,725,611,563,608,611,672,652,1434,1634,1390,1507,1240,1022,728,645,643,671,568,567,494,419,466,385,400,386,8272,7785,7064,7046,6589,5737,4527,4258,3879,3865,3910,3589,3302,3196,3238,2920,2868,2727,34,26,27,28,32,17,30,24,26,26,14,15,21,23,16,17,15,11,2438,2204,2143,2211,2023,2076,1605,1572,1419,1404,1635,1716,1644,1709,1666,1472,1445,1370,2994,2462,2103,1915,1911,1494,1251,1085,968,946,794,581,553,505,498,452,351,319,16,17,16,15,21,12,8,8,8,6,13,5,5,8,4,4,8,6,6866,6300,5636,5633,5174,4592,3584,3302,3030,3021,2997,2864,2691,2633,2630,2309,2196,2075,766,751,740,597,745,562,493,510,409,390,392,279,245,245,324,299,306,307,1573,2522,2769,4184,4750,4647,6742,8677,1573,238,339,341,320,556,408,573,1025,238,164,166,127,138,160,216,357,453,164,44359,4287,2159,20195,3526,12976,5002,16502,36697,2659,40730,2926,702,14559,8963,8801,5946,5658,432,337,7328,36845,27662,16687
50,518,469,482,482,525,364,261,261,269,219,317,268,219,243,280,242,211,218,1217,1233,1165,1048,1088,792,765,644,576,499,537,496,446,466,492,454,404,371,1219,996,949,1171,1010,849,687,534,591,469,406,344,277,277,259,219,173,207,7158,6465,6055,6288,5386,4847,4253,3739,3422,3236,2818,2484,2364,2148,2054,1860,1823,1810,36,16,18,24,19,7,19,17,16,15,11,20,18,19,17,10,9,1,2314,2046,1910,2170,1792,1873,1766,1572,1343,1542,1307,1193,1232,1090,1049,937,1030,1033,2408,2190,2031,1799,1496,1333,1035,989,912,726,568,451,409,315,254,250,216,199,14,9,15,11,10,2,8,13,2,1,5,8,5,3,4,5,8,4,5941,5232,4890,5140,4298,4055,3488,3095,2846,2737,2281,1988,1918,1682,1562,1406,1419,1439,649,739,650,531,534,419,477,353,289,264,204,200,204,201,191,197,176,148,1829,2215,2593,2851,1766,2271,2323,2659,1829,100,183,223,12,104,149,155,178,100,102,150,114,9,82,170,208,264,102,21190,1354,1403,5713,3042,9132,2457,12174,17887,846,19757,957,476,5021,4273,4753,3371,3395,377,211,5098,15957,12914,8275
52,1171,1177,1179,1065,987,1080,864,893,837,871,933,883,802,729,726,649,666,682,3143,3099,2854,2919,2339,2340,2017,1914,1775,1677,1743,1558,1467,1437,1329,1217,1243,1252,2618,2273,2048,2480,2121,1977,1569,1306,1112,1043,1060,763,759,711,704,591,460,492,11591,10574,9472,9853,8862,8346,6975,6069,5421,4923,5069,4723,4746,4679,4552,4189,3809,3692,51,63,49,48,48,45,48,54,53,26,44,44,39,40,20,29,19,22,3360,3108,2782,2841,3020,3030,2534,2196,1903,1523,1574,1807,2015,2034,2045,1927,1788,1680,2470,2094,1788,1613,1382,999,855,653,631,680,692,595,505,497,474,454,318,268,38,34,31,43,34,19,28,11,21,15,25,23,16,13,8,17,13,13,8448,7475,6618,6934,6523,6006,4958,4155,3646,3246,3326,3165,3279,3242,3223,2972,2566,2440,1883,1825,1595,1763,1270,1196,1077,956,864,765,741,608,610,655,575,522,545,535,1610,2704,3185,3471,5011,7712,9172,9729,1610,81,190,151,306,411,617,596,594,81,168,269,221,160,330,432,439,835,168,56242,3733,3511,17533,8319,23678,1906,31997,49530,4805,50943,3225,2073,13119,10502,12900,10032,8622,1067,675,12447,43543,44630,11612
60,1123,1060,981,1018,952,756,709,723,797,647,610,511,422,405,379,420,389,400,2564,2396,2172,2158,2055,1662,1470,1445,1418,1206,1172,1002,881,871,757,810,767,722,1077,1169,1200,970,763,778,605,540,476,424,427,288,280,267,271,269,214,192,8048,7739,7213,6612,6357,5225,4406,4476,4205,4001,3975,3315,3302,2866,2568,2705,2512,2568,52,46,56,38,29,47,26,32,38,23,18,22,23,10,9,16,8,6,2374,2358,2333,2343,2356,2038,1753,1899,1819,1910,1980,1755,1861,1470,1359,1454,1380,1521,2033,1816,1508,1141,1183,747,578,592,492,461,396,270,280,258,181,172,151,133,21,23,18,20,19,25,16,15,17,6,8,11,5,10,19,8,5,4,5484,5343,5041,4454,4302,3563,2936,3031,2787,2795,2803,2313,2421,1995,1811,1895,1745,1846,1368,1267,1117,1082,1055,834,719,675,566,530,536,458,431,446,350,366,365,312,2715,3041,4977,5457,4377,6659,8781,9235,2715,127,90,268,185,145,271,289,308,127,301,230,451,334,263,360,377,690,301,55194,2194,3676,26134,2275,11974,11898,14249,40383,2913,50137,3946,1111,12684,9886,11712,10000,10217,695,525,13975,40969,28451,26743
61,562,506,520,516,505,390,396,388,392,417,447,304,275,261,253,265,233,277,1802,1632,1518,1435,1380,1109,995,913,912,947,987,682,659,651,551,568,511,525,2534,2216,2248,2169,1696,1389,1159,1201,1071,932,954,682,619,634,607,462,373,378,12001,11667,11224,10830,9364,7302,6366,5932,5764,5093,4914,4007,3910,3949,3678,3364,3092,2922,25,21,24,21,25,25,26,16,23,17,13,11,19,15,7,17,11,4,3454,3698,3466,3897,3410,2764,2462,2248,2506,2128,2075,2024,2033,2138,2120,1946,1881,1790,4211,4121,3992,3329,2878,2040,1750,1570,1275,1086,898,619,599,526,400,388,327,229,11,13,9,8,13,9,9,5,4,6,6,4,9,10,2,7,6,4,10199,10035,9706,9395,7984,6193,5371,5019,4852,4146,3927,3325,3251,3298,3127,2796,2581,2397,1204,1092,965,890,837,685,564,504,493,507,521,363,356,365,289,279,261,240,1579,2174,5645,5970,4472,6034,5396,5439,1579,65,77,244,192,203,153,146,179,65,237,210,300,328,262,203,210,269,237,43329,1485,2284,11822,916,5959,21360,6875,18697,3271,39781,2425,1122,14045,9054,8631,5762,4905,932,332,4398,38498,26457,16871
62,567,535,518,418,430,398,347,374,365,377,372,284,226,242,302,317,337,285,1664,1651,1512,1201,1051,888,781,797,717,751,749,600,524,480,632,573,593,510,2136,1673,1613,1721,1605,1200,947,1026,813,729,758,626,618,536,489,572,447,389,10118,8598,7710,6927,6749,5312,4568,4598,4192,4167,3669,3109,3183,2926,2817,2983,2967,2650,22,18,19,20,24,13,9,12,15,17,20,14,13,9,18,5,6,10,2822,2274,2156,2133,2224,1948,1660,1737,1752,1816,1547,1394,1592,1527,1411,1519,1659,1531,3496,3000,2429,1872,1869,1276,1180,1038,910,871,615,489,449,383,285,319,268,220,6,14,17,10,8,4,9,1,2,3,5,4,1,3,7,1,4,2,8454,6947,6198,5726,5698,4424,3787,3801,3475,3416,2920,2509,2659,2446,2185,2410,2374,2140,1069,1084,958,753,589,473,416,410,335,354,352,298,284,226,305,250,246,213,585,1400,4522,5215,4161,4642,6040,4976,585,51,52,260,311,228,274,296,341,51,38,99,202,158,251,212,206,180,38,35926,2314,1540,2644,963,8251,20910,9214,11858,3157,33533,1861,531,10592,6429,7424,5947,5188,346,286,3743,31992,21494,14430
63,483,470,496,538,401,331,306,343,327,311,294,304,232,223,202,240,193,206,1285,1277,1237,1278,1001,793,749,742,771,714,663,588,495,575,482,547,480,450,1115,1150,1128,1145,849,645,550,541,542,450,398,301,283,257,226,216,229,312,8717,8576,8540,7847,6354,5077,4595,4470,4070,3744,3544,3045,2890,2708,2766,2807,2672,2499,15,24,18,21,24,14,23,25,28,13,13,18,12,17,11,19,12,6,3200,3085,2829,2667,2411,2038,1945,2010,1909,1808,1776,1665,1646,1482,1722,1721,1681,1526,3117,3064,3346,2757,2093,1601,1351,1177,848,772,707,491,466,394,336,323,282,211,12,9,8,14,9,7,9,3,4,7,3,3,3,10,2,4,9,3,7432,7299,7303,6569,5353,4284,3846,3728,3299,3030,2881,2457,2395,2133,2284,2260,2192,2049,775,774,715,705,567,441,411,371,412,383,353,263,248,325,267,284,266,235,1713,2754,4311,3324,3267,2218,2520,3449,1713,114,166,449,120,176,84,108,207,114,85,79,137,68,47,76,96,149,85,28141,1630,974,19588,421,1704,5145,2125,21713,1282,25751,1714,675,7671,6103,6837,4173,3018,339,264,2380,25589,16323,11817
66,409,417,390,411,410,356,379,387,341,388,332,334,232,232,205,243,217,189,1268,1200,1155,1191,1003,807,824,799,770,769,702,631,520,467,430,522,455,404,2670,2334,1943,1693,1249,968,897,896,800,645,654,543,524,440,445,361,377,343,9950,9073,7786,7104,5850,4892,4379,4317,4097,3640,3350,3046,2996,2818,2542,2460,2379,2170,15,9,20,16,12,19,15,19,21,17,18,11,16,7,9,14,6,7,2737,2536,2253,2393,2031,1787,1698,1667,1706,1562,1432,1410,1573,1584,1369,1302,1338,1259,3275,3003,2435,1827,1567,1330,960,955,821,664,562,462,379,327,298,275,209,164,9,10,13,10,9,3,6,5,4,7,3,1,6,6,1,6,3,0,8682,7873,6631,5913,4847,4085,3555,3518,3327,2871,2648,2415,2476,2351,2112,1938,1924,1766,835,764,732,754,572,429,424,388,404,357,349,285,266,222,215,259,229,208,2230,2495,4720,3604,3236,3800,3987,2779,2230,58,31,91,163,205,146,121,88,58,78,62,92,73,367,630,669,419,78,30678,1087,2716,3657,2159,11681,8217,13840,17497,4964,27622,1874,1182,7398,5521,6766,5772,4735,486,174,4355,26027,17991,12684
67,1522,1615,1514,1769,1675,1568,1443,1439,1475,1330,1393,1291,993,940,861,851,734,740,3825,3981,4085,4302,3811,3077,2724,2617,2498,2244,2220,2039,1746,1538,1424,1427,1276,1191,2599,3129,2456,2122,2131,1720,1615,1303,1157,926,843,828,708,599,534,532,537,460,11201,11692,11212,10931,9759,8108,7198,6625,6072,5463,5533,5234,4638,4261,4065,3949,3543,3437,91,71,85,99,89,71,64,83,76,60,58,42,52,42,46,34,21,19,2358,2187,2211,2382,2138,2012,1887,1947,1702,1588,1647,1662,1589,1601,1568,1522,1349,1399,2419,2395,2460,2125,1679,1299,972,758,715,705,832,705,595,523,539,468,381,387,54,52,60,53,42,43,30,20,26,28,26,21,25,28,25,19,19,19,7376,7711,7127,6629,5948,5031,4474,4008,3574,3219,3322,3195,2892,2723,2641,2522,2267,2246,2158,2243,2426,2381,2005,1395,1187,1075,921,826,743,685,676,528,492,523,502,413,4413,7470,7274,6258,5261,6860,12385,11945,4413,104,276,344,159,207,357,1130,1087,104,221,175,111,157,488,353,588,429,221,74959,4045,2942,67970,790,1776,847,2566,70536,3576,68837,3743,2379,12823,13583,19014,14621,12149,2769,681,11469,62959,57614,17342
68,402,477,451,420,444,331,259,270,267,292,308,262,206,243,200,205,184,211,1145,1258,1085,994,917,712,538,559,556,532,555,474,374,398,364,358,337,352,1690,1560,1255,1133,910,783,763,598,596,453,476,444,530,448,402,371,365,303,8532,7452,6347,6094,5350,4412,3674,3315,3229,2985,2864,2535,2470,2361,2421,2196,2295,2163,16,16,16,27,21,11,11,19,13,9,12,15,11,6,7,8,7,4,2552,2097,1787,2002,1914,1567,1218,1205,1231,1309,1302,1203,1205,1183,1337,1173,1329,1313,3145,2537,2220,1965,1609,1350,1155,953,846,691,531,414,361,332,318,294,264,195,11,11,7,4,4,4,3,3,1,8,2,0,2,1,4,1,2,5,7387,6194,5262,5100,4433,3700,3136,2756,2673,2453,2309,2061,2096,1963,2057,1838,1958,1811,716,754,611,543,448,366,265,267,275,223,233,197,155,148,153,144,144,132,1033,1136,2702,1995,2671,3385,2545,2639,1033,48,58,211,326,353,374,184,244,48,66,85,185,154,175,243,306,258,66,20996,2007,1793,1607,506,5340,11826,5846,7453,1712,19229,1364,398,5187,4274,4769,3398,2945,423,182,2041,18802,13057,7939
69,361,422,460,406,441,392,425,410,498,546,547,597,375,369,367,353,343,269,1188,1261,1180,1145,1059,970,998,954,1008,1068,1061,988,819,833,741,664,666,508,941,866,809,633,587,547,508,462,378,491,423,281,242,232,228,205,189,190,5790,5949,5771,5547,4504,3786,3506,3193,3084,3153,3282,2818,2535,2479,2304,2226,2024,1623,19,11,22,20,30,15,33,31,21,32,25,29,34,23,19,21,6,10,1578,1616,1498,1585,1366,1236,1145,1091,1055,1019,1219,1110,1017,995,1002,1062,963,735,2083,2206,2284,2184,1492,1033,855,686,643,575,579,439,457,419,333,295,206,190,12,9,6,10,7,5,7,10,6,6,8,7,9,8,9,4,7,9,4602,4688,4591,4402,3445,2816,2508,2239,2076,2085,2221,1830,1716,1646,1563,1562,1358,1115,796,819,692,709,581,558,533,503,483,484,481,355,401,433,346,286,310,220,1427,2199,4554,6122,4601,6694,5667,6566,1427,88,73,262,325,386,333,266,237,88,72,108,103,147,192,235,254,283,72,43947,2207,1593,38245,677,2255,1107,2932,41177,1660,40579,2430,935,11113,9219,10425,6964,5602,624,338,5811,37872,27934,16013
70,1239,1252,1241,1119,1169,889,837,963,937,927,923,854,664,636,613,615,545,674,3822,3944,3946,3440,2922,2286,2120,2105,2028,1997,1985,1803,1581,1493,1462,1449,1190,1177,3364,3230,2919,2940,2175,1520,1617,1480,1321,1114,998,892,868,780,675,511,507,455,14247,13998,13049,12142,9708,7766,7302,6818,6601,6103,6265,5396,5052,4970,4698,4334,3917,3661,56,69,61,94,72,57,52,48,55,36,45,58,37,45,35,20,27,16,3763,3455,3119,3372,2801,2607,2411,2341,2359,2109,2394,2079,2069,2179,2101,2051,1947,1822,3298,3369,3065,2390,1810,1353,1154,892,893,883,888,622,534,518,460,323,273,207,45,44,36,45,15,19,18,14,9,14,13,13,19,17,9,11,11,7,10425,10054,9103,8702,6786,5480,5182,4713,4573,4106,4280,3593,3471,3477,3236,2885,2727,2484,2482,2579,2608,2182,1666,1321,1213,1080,1027,1020,1004,878,861,795,805,803,607,480,2571,4955,10146,9287,9957,10479,10287,10291,2571,54,136,550,499,342,407,468,641,54,135,132,380,279,281,341,303,294,135,80277,3804,2399,58876,1807,11288,3716,13095,71971,4588,73172,5066,2037,20566,15277,18878,13044,9607,2905,652,24188,55656,63028,17248
71,1415,1577,1445,1492,1352,1256,1112,1011,1024,875,906,841,679,670,617,581,549,498,3245,3441,3238,3252,2734,2461,2266,1996,1973,1676,1620,1465,1229,1197,1038,1065,1002,902,2093,1892,1887,1877,1458,1266,1052,926,840,797,677,472,605,488,443,370,321,299,9141,9075,8883,8761,7481,6603,5542,5189,5194,4812,4597,3962,3702,3415,3231,3231,2880,2729,86,66,72,69,75,60,55,46,43,49,28,29,38,24,19,19,11,9,2270,2193,2165,2242,2159,1953,1653,1773,1926,1823,1842,1578,1521,1457,1438,1486,1284,1295,1533,1549,1593,1390,1130,923,571,494,455,516,458,447,347,273,312,310,273,233,36,36,26,37,15,11,8,13,15,10,12,14,11,11,9,21,18,11,5896,5634,5645,5509,4747,4142,3276,3193,3221,3136,2977,2497,2473,2218,2193,2166,1878,1827,1708,1762,1695,1654,1292,1134,1091,926,891,742,674,581,501,492,393,444,424,384,4447,3564,3610,4194,4299,4817,6865,7212,4447,96,103,85,100,256,326,347,341,96,117,95,68,142,190,213,281,268,117,45022,1869,1901,39635,641,1770,811,2411,42046,2115,41271,2078,1623,9283,8441,10487,8396,7367,1048,382,12983,31773,32256,12759
72,752,818,727,697,720,601,686,595,610,460,521,460,350,388,310,328,287,326,1833,1838,1786,1787,1566,1338,1271,1148,1153,983,1053,900,717,749,664,662,578,610,1631,1529,1304,1147,1085,941,939,911,778,563,544,538,423,489,411,365,346,252,6808,6488,5843,5323,4888,4523,4352,4072,3909,3515,3434,3103,2798,3032,2663,2365,2242,2031,22,30,27,31,27,26,29,14,28,12,24,21,22,17,18,17,15,4,1735,1663,1492,1415,1368,1419,1488,1459,1500,1468,1427,1256,1254,1407,1266,1047,1093,1004,1607,1458,1261,974,869,825,654,554,478,501,410,409,404,387,322,291,225,165,24,18,17,18,17,11,11,8,7,7,8,6,7,5,5,6,4,3,4973,4650,4057,3536,3322,3185,3081,2924,2756,2532,2381,2203,2081,2283,1999,1703,1664,1421,1035,972,1015,1041,802,700,545,531,508,504,500,413,338,339,331,311,272,277,2325,2382,3762,4916,3625,3743,3999,4390,2325,88,66,107,129,128,89,87,108,88,150,65,149,132,181,201,312,337,150,36119,974,1749,3355,3005,23385,3011,26390,29745,3341,33430,1557,1110,7671,6088,8315,7347,5761,937,430,5196,30652,19662,16456
73,2047,1962,1697,1703,1513,1355,1265,1179,1181,1089,1069,1011,873,838,792,821,812,765,5133,5022,4221,4173,3481,2913,2398,2257,2155,1986,1824,1720,1571,1443,1375,1432,1464,1386,1304,1211,897,773,877,615,551,556,495,527,458,499,446,398,375,327,300,273,10130,9208,8059,7737,6768,5593,4494,4384,4253,4072,3843,3804,3639,3388,3354,3453,3282,3050,113,82,93,80,82,66,75,55,62,53,42,47,25,39,24,36,22,23,2662,2109,2000,2053,1864,1646,1203,1291,1290,1294,1192,1290,1353,1278,1340,1507,1340,1194,1031,866,941,738,546,419,342,280,313,265,369,295,269,269,264,187,178,197,59,78,63,74,47,27,34,27,26,21,13,26,16,12,28,16,22,28,4997,4186,3838,3564,3287,2680,2096,2127,2098,2086,2019,2084,2068,1945,1979,2021,1818,1664,2914,2900,2368,2316,1839,1465,1024,996,886,823,700,636,657,554,531,559,608,570,5974,15533,10813,26294,21760,22960,26710,19539,5974,446,1330,837,1063,2164,1899,1462,1586,446,166,250,177,221,429,566,597,720,166,174750,12446,4273,148480,3698,12521,1686,16219,164699,8354,154313,14678,5748,45266,28957,35296,28718,33145,3368,1325,66581,107746,152245,22468
75,2856,2570,2276,2349,2334,2031,1918,1869,1869,1726,1690,1672,1277,1269,1391,1159,1047,1145,6548,6107,5581,5770,5100,4554,3997,3780,3687,3399,2976,2942,2489,2365,2378,2007,1911,2052,2426,1964,2115,1830,1827,1514,1535,1259,1257,815,756,589,474,562,585,507,440,459,15329,14212,13778,13337,11807,10342,9189,8489,8729,7590,7055,6717,5812,6011,6328,5421,4976,5144,133,145,129,115,125,117,98,102,111,102,77,76,88,81,58,52,43,32,3284,3099,2930,3074,2657,2523,2255,2392,2681,2455,2361,2341,2134,2330,2701,2349,2141,2246,3071,3042,3152,2663,2223,1751,1402,1058,1104,921,962,845,715,754,664,558,484,387,107,107,90,125,83,44,40,35,41,32,40,36,25,32,29,29,29,33,8781,8105,8197,7567,6707,5788,5192,4709,5042,4191,4079,3775,3323,3646,3950,3414,3065,3092,3452,3285,3086,3181,2558,2362,1941,1774,1666,1539,1169,1158,1099,983,900,767,792,842,5099,27078,31242,29631,23538,27771,31660,26938,5099,538,2835,4004,1633,2294,2331,2403,2240,538,268,540,752,416,739,684,890,1083,268,234057,20625,6477,161473,10458,41270,5108,51728,213201,15745,206458,18062,9534,46991,39078,51825,44374,46652,5137,1531,43210,188894,193221,40761
76,599,507,514,486,464,326,329,316,282,265,261,200,185,166,173,171,128,103,1198,1063,1033,907,841,624,558,569,505,478,454,342,331,352,323,324,268,239,731,553,619,441,418,290,308,311,274,241,178,194,189,146,162,152,112,86,3837,3308,3172,2742,2726,2121,1891,1884,1842,1742,1553,1349,1307,1311,1340,1438,1183,1006,15,10,22,12,12,11,15,12,13,4,8,5,9,6,4,3,8,3,1240,1071,1025,974,1037,855,735,789,844,837,771,700,691,693,742,852,707,628,668,621,495,420,430,352,290,215,219,186,150,113,96,120,113,110,96,53,13,20,7,8,10,11,7,3,7,4,4,4,2,0,1,4,0,3,2639,2245,2139,1835,1885,1497,1333,1315,1337,1264,1099,1007,976,959,1017,1114,915,767,571,526,490,401,355,276,207,238,203,205,181,133,135,180,145,146,132,130,1173,2035,4366,3960,4060,5546,5421,5502,1173,52,60,316,216,301,235,318,384,52,129,154,187,231,270,256,324,300,129,36722,2234,2099,15625,2379,10574,6133,12953,28578,2007,32880,3337,501,5934,4300,6132,7445,12511,400,354,7405,29181,24596,12120
77,1956,1928,1761,1775,1572,1373,1135,973,1000,872,927,920,699,616,653,546,393,510,4536,4574,3975,4179,3515,3031,2278,1899,1840,1606,1656,1476,1287,1177,1094,979,782,934,2086,2037,1633,1567,1448,1275,953,772,716,622,557,561,470,401,375,278,241,285,9910,10068,8335,8594,7757,6871,5124,4496,4284,4098,3960,3742,3305,3226,2950,2727,2312,2581,99,84,72,73,58,68,50,50,47,56,53,41,44,36,29,13,15,14,2046,2001,1819,2075,2006,1828,1487,1540,1424,1566,1444,1355,1279,1406,1284,1311,1124,1179,1242,1456,908,773,788,737,406,285,304,304,303,350,269,242,197,159,165,183,69,63,60,82,58,30,28,33,9,16,18,19,15,15,15,12,23,15,5374,5494,4360,4415,4242,3840,2846,2597,2444,2492,2304,2266,2018,2049,1856,1748,1530,1647,2412,2499,2082,2249,1827,1560,1065,843,784,662,658,496,529,510,397,408,351,395,5706,9662,17424,8530,9099,8321,10375,11045,5706,444,1141,2553,882,892,753,1121,966,444,199,217,465,138,360,701,719,539,199,91567,9527,3830,77941,1676,5375,1808,7051,84992,4759,82547,5897,3115,14932,12988,18697,18864,25147,939,728,18295,72957,71972,19590
78,424,372,331,343,383,301,264,318,284,271,230,178,126,97,120,120,141,130,1556,1298,1210,737,1127,862,782,789,770,642,608,443,376,330,355,370,335,310,1642,1211,1113,790,833,576,490,505,509,450,431,316,300,258,272,175,171,191,6797,5864,5360,4845,4456,3644,3085,3267,3154,2721,2590,2133,2062,2051,1929,1855,1754,1682,12,12,10,26,29,10,17,13,12,10,8,6,13,13,5,7,2,6,2003,1593,1725,1785,1561,1493,1267,1519,1496,1172,1214,1139,1180,1228,1105,1134,1109,1080,1596,1762,1312,1033,935,713,546,454,379,457,337,235,206,235,197,176,139,101,5,13,7,7,4,3,4,4,1,2,1,0,4,1,3,3,3,1,5241,4566,4150,3608,3329,2782,2303,2478,2384,2079,1982,1690,1686,1721,1574,1485,1419,1372,1115,901,862,361,711,548,497,454,473,359,369,259,233,219,227,240,189,173,803,1564,2468,2762,2104,2213,2432,3038,803,47,69,121,96,93,78,56,131,47,37,86,104,123,90,64,71,92,37,20939,912,834,8772,1191,5829,3264,7020,15792,1881,18401,1541,995,4109,2625,3851,4349,5706,299,156,4543,16191,12047,8888
79,2069,2015,1994,1785,1641,1423,1240,1213,1132,946,960,947,764,707,768,735,669,744,4679,4423,4358,4002,3569,2959,2506,2373,2040,1819,1710,1652,1419,1371,1441,1380,1246,1331,1683,1479,1293,1201,1211,1223,883,678,535,490,413,423,311,337,305,384,339,403,9130,8694,8187,7816,7246,6265,5248,4726,4292,3971,3784,3655,3360,3254,3396,3432,2888,3377,98,91,72,69,70,67,64,48,52,44,45,31,42,32,48,28,24,17,2023,2017,1839,2046,1969,1597,1557,1402,1482,1422,1332,1236,1330,1271,1394,1496,1129,1443,745,775,697,567,497,486,302,273,235,240,329,344,300,275,256,172,174,200,70,77,63,55,55,36,37,17,17,28,12,25,17,17,18,24,23,18,4451,4271,3829,3814,3677,3306,2742,2353,2252,2152,2074,2003,1941,1883,1955,2052,1642,2046,2442,2240,2229,2093,1803,1433,1165,1095,839,801,693,649,596,615,607,593,530,552,2539,8309,12810,15865,18876,18609,20726,15304,2539,134,463,485,850,1661,2132,2710,1710,134,172,393,355,267,827,952,1096,768,172,127533,11408,5381,98773,3414,13568,4003,16982,115755,7773,111122,11619,4790,20035,17376,25600,25159,37526,1837,917,33244,93854,109491,18032
81,1395,1288,1151,1182,1130,1090,845,822,821,699,636,688,522,511,504,520,457,463,2939,2767,2554,2523,2246,2033,1666,1499,1455,1271,1115,1144,976,976,954,974,908,886,974,955,694,847,808,727,639,497,443,393,446,370,381,342,326,255,275,285,5755,5544,5082,5284,4769,4070,3364,3161,2917,2601,2603,2457,2398,2377,2284,2349,2117,2258,51,60,74,61,51,48,50,32,25,45,29,18,32,25,25,17,24,14,1149,1152,1145,1326,1297,1023,835,949,861,760,797,742,851,862,860,981,776,965,693,670,689,588,418,287,224,216,158,177,245,201,190,197,144,139,158,122,49,48,32,27,24,35,16,15,9,19,17,18,13,14,15,12,12,20,2816,2777,2528,2761,2523,2037,1698,1662,1462,1330,1488,1313,1422,1401,1330,1375,1209,1372,1444,1371,1297,1253,1041,860,755,630,600,508,433,420,409,426,410,425,415,389,2436,8578,4530,5488,7938,9687,9101,11155,2436,137,565,351,348,620,1127,1332,1213,137,112,241,89,106,232,472,582,553,112,72564,7037,2847,63266,1410,4219,786,5629,68895,2873,67313,3881,1360,15863,12661,16211,13129,13936,764,466,12788,59593,52405,20133
83,1730,1558,1379,1182,1230,1005,931,869,843,851,872,846,671,565,654,619,586,555,4129,3751,3273,2817,2680,2254,1814,1632,1598,1549,1522,1423,1236,1133,1167,1138,1126,1022,1634,1659,1269,1385,1254,1205,821,649,686,669,692,508,599,637,545,454,515,482,9156,8492,7269,6825,6305,5408,4188,3747,3868,3789,3784,3485,3265,3210,3047,2948,2921,2630,80,66,53,62,56,55,39,24,43,29,35,40,33,37,28,36,20,21,2041,1743,1602,1680,1548,1256,1144,1103,1232,1198,1173,1190,1112,1119,1067,1085,1025,920,1352,1339,1125,943,823,693,409,363,352,373,397,328,318,321,268,271,255,206,77,67,51,45,40,15,16,17,12,12,18,11,13,16,20,15,6,13,5027,4741,3996,4008,3625,3154,2374,2115,2270,2240,2262,2026,2029,2077,1880,1810,1795,1608,2242,2060,1790,1528,1354,1179,828,722,700,657,597,526,519,515,465,468,514,433,1944,5023,5133,5745,6850,9296,9436,9575,1944,107,211,139,270,327,679,606,566,107,87,173,73,135,246,566,568,685,87,68023,4188,3306,23263,5355,31673,2819,37028,60291,4913,62427,3393,2203,12891,11270,15556,14810,12969,527,597,7505,60415,50167,17832
84,664,601,601,610,533,479,362,391,390,328,299,325,244,228,220,211,228,226,2617,2190,1996,1947,1556,1256,993,1008,853,751,665,618,552,541,455,467,451,460,1544,1119,1009,797,749,617,437,437,392,346,300,304,256,171,175,147,146,159,10059,8690,7480,7527,6418,5678,4772,4754,4158,3507,3636,3246,2831,2660,2553,2622,2374,2598,27,21,19,22,18,22,19,12,13,9,5,6,18,4,5,12,4,3,4978,4466,3726,4064,3444,3221,2967,3016,2616,2226,2475,2162,1880,1828,1821,1901,1703,1920,920,915,749,719,669,584,375,293,297,184,196,162,143,120,102,107,74,59,18,14,8,11,9,9,3,1,1,2,1,3,3,1,0,0,2,2,7442,6500,5484,5580,4862,4422,3779,3746,3305,2756,2971,2628,2279,2119,2098,2155,1923,2138,1908,1554,1368,1304,996,746,609,604,449,412,360,284,287,308,230,244,217,229,1163,1751,2049,3646,3043,3509,4010,4360,1163,67,108,152,199,134,163,156,227,67,72,130,153,116,141,281,281,367,72,28745,1383,1839,18737,995,4428,2977,5423,24160,1605,25471,2862,409,5771,3529,4901,5239,8660,645,490,11121,17552,18192,10551
88,963,875,794,795,716,572,470,433,384,378,386,426,329,302,243,206,212,229,2575,2350,2156,2048,1731,1396,1123,1070,816,885,846,869,698,731,590,539,491,468,1024,815,938,1087,717,554,455,253,219,301,243,214,226,180,206,224,171,141,6457,6104,5901,5930,4828,4186,3224,3490,3177,3186,3098,2894,2649,2504,2404,2545,2347,2334,54,41,42,32,37,42,33,21,14,11,16,8,24,23,9,8,5,9,1797,1753,1867,2036,1715,1606,1347,1766,1813,1664,1630,1479,1454,1363,1421,1623,1561,1606,1064,1186,940,759,665,630,299,401,329,336,379,332,271,230,187,159,124,119,19,28,18,25,25,13,10,10,10,12,9,11,6,6,5,1,11,10,3885,3754,3745,3882,3097,2790,2101,2420,2361,2301,2252,2025,1951,1773,1814,2006,1856,1866,1539,1406,1302,1196,953,769,610,606,408,484,435,424,339,400,333,324,263,220,2551,5221,4076,6574,7911,6280,7156,7487,2551,121,312,194,414,781,530,657,690,121,88,142,135,355,436,402,390,488,88,54990,4622,3006,42419,1406,5845,2845,7251,49670,2467,48924,4686,1372,11361,7726,10274,9908,14565,1156,382,12736,42175,33736,21251
90,873,836,856,843,788,645,564,513,510,480,446,469,408,329,316,361,363,306,2544,2351,2405,2182,1953,1588,1282,1182,1128,1040,1041,1036,928,806,776,815,781,744,1329,1336,1204,1273,1070,893,679,746,478,576,513,461,540,565,534,472,575,344,6602,6429,6441,6186,5481,4665,3788,3751,3396,3263,3120,3146,3268,3132,3005,3253,3164,2788,43,32,43,29,26,31,28,21,26,37,20,26,25,17,20,17,15,11,1558,1591,1860,1795,1560,1510,1262,1234,1307,1191,1231,1309,1374,1407,1344,1655,1550,1502,1171,1151,972,936,898,674,565,589,483,456,335,350,426,354,351,311,258,198,24,24,27,21,25,14,15,14,2,9,12,12,7,7,2,7,5,3,4058,4078,4036,4004,3528,3077,2506,2569,2268,2223,2079,2120,2340,2326,2229,2438,2383,2044,1604,1459,1479,1289,1114,898,675,634,590,514,563,529,488,453,438,430,398,424,1607,7646,6779,8348,5418,11249,10398,10393,1607,75,410,200,199,315,899,575,723,75,99,251,132,117,339,471,484,682,99,79404,4097,3127,25487,8707,33422,7370,42129,67616,4418,72769,4254,2381,15201,11951,16987,16236,18341,688,573,15082,64124,59368,20020
94,417,413,410,337,352,333,331,272,231,194,182,174,142,121,118,136,113,126,990,1042,1006,863,914,704,662,570,472,416,398,379,323,293,282,299,263,288,814,917,1015,1118,707,628,393,447,278,341,225,221,247,316,310,268,225,236,4291,4342,4057,4295,3453,2945,2401,2306,1945,1941,1645,1649,1600,1665,1619,1576,1400,1365,10,14,16,9,15,6,11,8,10,3,3,5,6,8,6,1,2,4,1203,1226,1149,1292,1073,1084,861,761,771,759,765,784,730,788,779,800,699,708,1284,1157,887,922,759,529,485,528,424,425,257,265,300,268,248,209,213,133,8,8,9,9,8,4,4,4,7,4,2,5,3,5,4,0,1,0,3301,3300,3051,3332,2539,2241,1739,1736,1473,1525,1247,1270,1277,1372,1337,1277,1137,1077,555,607,571,508,539,361,316,286,224,215,211,195,172,159,154,162,147,158,487,1515,3632,2934,2264,2370,1546,1913,487,19,51,204,163,93,84,52,48,19,24,67,170,64,83,102,145,129,24,18684,757,921,4091,1112,5444,6952,6556,10647,1085,17284,1003,397,2800,2607,4420,4393,4351,113,172,2496,16108,10580,8104
100,387,349,380,338,335,285,214,236,232,181,189,153,154,181,142,130,120,129,681,723,703,635,596,479,393,387,380,278,299,227,237,240,191,212,206,206,424,444,439,431,388,346,305,275,169,164,152,113,80,69,69,70,59,50,2454,2558,2566,2337,2088,1789,1490,1385,1174,1045,991,861,789,720,707,747,688,646,8,11,18,11,9,6,10,3,9,4,8,7,9,3,3,4,5,4,930,1018,1107,950,844,794,657,603,536,520,469,447,401,365,396,425,388,353,419,373,317,321,260,170,135,120,89,83,71,74,71,46,51,40,35,37,7,5,5,5,7,1,4,5,0,6,5,1,2,4,1,2,2,1,1773,1835,1863,1702,1492,1310,1097,998,794,767,692,634,552,480,516,535,482,440,279,358,300,281,245,187,165,143,139,87,97,66,72,52,45,76,79,72,1466,2078,1798,2402,3364,2853,3020,3468,1466,146,195,95,130,430,184,157,310,146,226,284,208,197,224,241,301,335,226,25561,2019,2376,15774,745,3419,5163,4164,19938,458,23388,2135,36,7063,4447,5084,4094,4741,132,304,4216,21184,19153,6408
101,925,881,914,892,784,748,579,550,586,510,505,519,374,316,277,264,242,301,1832,1812,1706,1662,1483,1367,1049,1041,1018,881,869,781,566,555,439,423,424,460,824,689,638,762,639,624,487,384,362,310,269,205,162,107,88,80,79,106,4681,4304,4058,4107,3645,3562,2841,2570,2425,2364,2344,2024,1680,1504,1228,1250,1084,1151,67,43,57,34,29,23,32,26,17,17,26,9,14,14,13,21,14,9,1304,1263,1142,1201,1070,1221,1041,966,850,940,940,873,789,744,615,654,516,517,721,540,572,482,453,350,264,179,195,233,266,165,163,98,86,93,65,68,14,17,21,16,18,14,8,8,9,7,9,6,6,12,9,6,7,4,2849,2492,2352,2445,2162,2195,1792,1529,1407,1483,1475,1243,1114,949,789,827,660,691,826,871,714,720,652,582,430,457,406,347,329,247,172,213,140,132,161,146,2291,5503,7881,7874,8384,7788,9159,10007,2291,78,290,447,578,786,458,540,751,78,128,218,288,588,565,610,794,795,128,70463,4627,4518,59810,1230,6232,1220,7462,67272,1971,66869,2806,788,18580,14548,16992,11103,8481,759,377,17126,52785,54927,15534
102,556,584,548,564,615,561,609,537,660,611,612,502,473,378,343,315,328,364,1657,1869,1791,1832,1628,1474,1443,1232,1355,1286,1190,997,945,762,674,700,684,696,1843,1907,1542,1505,1537,1465,1156,1066,952,933,694,626,462,418,367,406,405,375,10085,10155,9743,9595,8176,6972,6357,5668,5571,5090,4631,4003,3843,3280,2836,2785,2787,2537,29,22,24,28,30,23,33,27,22,22,19,20,19,30,18,19,12,13,2440,2234,2335,2748,2247,1915,1866,1735,1946,1814,1721,1506,1574,1437,1230,1232,1279,1140,4145,4145,4075,3510,2764,2118,1892,1635,1318,1057,1026,874,862,663,565,447,419,326,5,10,10,12,14,11,13,4,3,12,7,2,5,5,1,5,10,1,8428,8286,7952,7763,6548,5498,4914,4436,4216,3804,3441,3006,2898,2518,2162,2085,2103,1841,1067,1253,1209,1228,969,879,788,664,670,641,552,473,448,349,312,361,334,318,3447,3747,5908,4239,4428,7871,6694,8406,3447,322,348,547,386,187,202,231,377,322,178,165,250,459,549,744,930,884,178,54226,2938,4897,10377,3314,20464,5463,23778,34155,14603,48773,3246,2202,15363,10891,11552,8084,6564,1772,771,3185,50305,35342,18881
103,1525,1389,1265,1211,1194,1054,947,1037,944,758,737,633,543,492,451,486,441,481,3469,3507,3326,3047,2827,2607,2104,2065,1763,1578,1418,1228,1153,994,924,981,932,925,1586,1374,1191,1153,1089,1027,759,795,591,583,520,451,364,323,352,346,347,313,10278,9718,9518,8854,8125,7358,6131,5806,4931,4921,4584,4076,3630,3414,3345,3054,3030,2995,60,67,55,66,48,59,44,49,41,36,27,31,28,35,26,33,21,11,3331,3150,3465,3048,2797,2649,2337,2214,1967,2176,2072,1950,1697,1662,1685,1396,1481,1525,1892,1687,1536,1606,1411,1075,931,732,610,584,574,492,416,435,384,331,270,232,38,51,40,28,32,15,20,10,16,19,14,11,13,30,19,9,15,8,6809,6211,6192,5807,5297,4751,4027,3741,3168,3343,3166,2893,2477,2420,2421,2073,2098,2070,1846,2000,1966,1742,1553,1479,1093,969,762,765,640,553,569,437,428,453,455,425,6110,18947,15234,19463,10507,11706,11157,16420,6110,242,532,706,1352,671,503,376,805,242,418,947,768,686,577,602,820,1129,418,126696,5923,7145,85474,3606,20717,3104,24323,109797,13794,112419,8991,5285,23664,21497,29249,24951,24665,2670,1204,19867,105156,103007,23656
104,550,619,526,578,541,433,404,448,383,465,400,413,358,316,308,259,261,268,1889,1892,1702,1645,1366,1218,972,1012,888,991,826,785,781,743,651,586,597,571,2535,2333,1837,1916,1819,1696,1127,1201,988,1044,872,750,740,711,562,501,519,436,12166,11741,10833,10482,8604,7831,5820,5525,5405,5343,4606,4179,4151,3540,3195,2984,3120,2777,21,14,11,23,20,15,23,29,15,14,12,11,14,14,11,16,23,6,3297,3148,3221,3487,2888,2790,2103,1861,2164,2058,1846,1732,1971,1498,1446,1452,1534,1423,4445,4368,4073,3434,2531,2127,1618,1451,1365,1250,1062,912,659,588,536,445,470,347,11,17,19,18,15,7,5,1,7,6,6,5,3,3,9,2,3,4,10277,9849,9131,8837,7238,6613,4848,4513,4517,4352,3780,3394,3370,2797,2544,2398,2523,2206,1307,1242,1146,1026,790,763,540,534,483,506,408,356,406,410,323,309,310,293,1877,4236,5063,7631,6412,7279,7984,7591,1877,48,325,307,660,541,316,305,287,48,117,154,117,230,259,237,389,332,117,54947,3094,2394,5168,4071,25849,15910,29920,35088,3949,49850,3667,1430,14255,10240,11717,9663,8287,785,428,3544,50812,36950,17997
105,850,866,860,771,694,687,626,651,640,567,540,601,591,497,525,456,413,495,2002,2197,2257,1916,1721,1575,1464,1322,1236,1106,1003,1046,1014,927,889,830,865,939,2192,1641,1679,1633,1587,1486,1183,1129,819,774,621,608,588,544,444,463,492,543,10344,9393,9569,9525,8547,7582,6461,6001,4871,4406,4203,4248,4103,3755,3459,3259,3171,3095,56,64,60,40,58,39,40,41,39,38,27,25,27,28,28,43,25,27,2608,2273,2345,2498,2385,2125,1923,1853,1459,1482,1528,1674,1741,1544,1530,1483,1391,1265,3542,3282,3288,3478,2854,2396,1891,1697,1357,1044,1051,920,760,740,596,483,423,348,30,16,45,23,33,20,23,13,7,12,8,17,14,13,10,9,9,10,8342,7196,7312,7609,6826,6007,4997,4679,3635,3300,3200,3202,3089,2828,2570,2429,2306,2156,1066,1251,1292,1082,936,829,775,617,550,489,428,403,382,389,326,322,418,407,1885,3749,7830,10972,7146,5919,7953,9747,1885,115,201,276,448,247,219,305,472,115,163,256,292,259,311,474,854,842,163,64992,2641,4462,46172,1381,5950,3483,7331,53503,8004,58884,3592,2514,11715,13061,16525,12535,9956,1200,684,1465,62826,46626,18351
106,645,709,687,652,554,511,448,463,471,459,486,430,345,287,303,319,306,349,1523,1776,1702,1584,1459,1260,1133,1058,1056,1024,991,802,642,540,620,662,708,684,1343,1267,1323,1201,1278,964,725,671,645,656,616,394,247,210,329,310,330,338,8070,8328,8105,8444,7490,6188,5556,5007,4570,4210,4043,3328,2857,2471,2633,2596,2633,2577,31,35,22,29,38,23,38,29,33,18,25,15,7,16,17,13,12,10,2130,2138,1962,2276,2092,2035,1815,1597,1475,1412,1448,1344,1339,1249,1249,1215,1206,1237,3074,3147,3118,3383,2661,1929,1883,1681,1394,1118,988,788,629,472,435,409,389,318,15,19,21,18,13,14,7,8,8,4,8,4,7,2,10,8,3,3,6547,6552,6403,6860,6031,4928,4423,3949,3514,3186,3052,2526,2215,1931,2013,1934,1925,1893,832,1013,972,885,854,712,640,558,544,543,472,353,283,235,290,322,387,322,1184,5819,6742,5522,4124,6465,7812,8446,1184,68,253,388,236,358,272,510,701,68,110,336,248,331,392,400,411,459,110,54757,3166,2952,17262,1664,9850,5491,11514,28776,20487,51162,2982,610,13560,10224,11892,9549,8897,635,450,3363,50732,37943,16809
107,425,468,387,441,415,411,331,339,353,389,326,254,253,222,248,191,211,193,1355,1630,1598,1536,1450,1150,975,970,888,902,716,647,651,616,590,601,546,498,2151,1887,1946,1406,1269,1169,978,905,850,708,584,622,742,702,548,356,407,444,12095,11871,11604,10965,9188,7377,6374,6002,5285,4657,3932,3683,3661,3441,3238,2844,2867,2559,24,19,25,29,28,23,17,21,14,7,14,15,9,11,19,18,12,10,3054,2858,2941,3170,2648,2567,2310,2055,1992,1790,1715,1605,1632,1492,1642,1472,1518,1329,5535,5496,5119,4853,3821,2491,2111,2072,1555,1257,917,809,636,631,458,415,396,288,13,8,12,8,5,4,4,6,5,2,3,4,1,4,0,7,3,3,10740,10241,10006,9429,7738,6227,5399,5032,4397,3755,3216,3036,3010,2825,2648,2243,2321,2061,893,1135,1174,1058,1002,712,623,604,516,504,373,374,388,379,323,385,320,292,2346,3998,2490,6228,5035,5989,6267,6723,2346,143,216,154,273,267,182,241,454,143,157,210,161,261,262,218,246,337,157,44659,2221,2217,18193,1606,9445,6961,11051,29244,8454,40025,3025,1609,12436,8540,9681,6979,6174,849,312,6016,38294,30418,14236
108,497,492,399,475,488,346,336,362,363,295,320,246,291,240,220,221,222,220,1907,1875,1709,1515,1373,1048,926,891,868,801,765,570,657,535,502,486,414,435,2040,1805,1759,1592,1583,1322,1189,1043,922,748,684,496,580,558,481,378,377,317,10156,9863,9052,8527,7646,6453,5623,4961,4587,4289,3979,3477,3475,3157,2941,2527,2548,2355,22,21,16,12,26,18,19,13,20,12,20,14,7,17,9,18,12,9,3264,3384,3201,3198,2608,2458,2163,1938,1852,1800,1752,1680,1692,1492,1466,1295,1440,1346,2945,2799,2383,2222,2082,1625,1348,1089,945,940,778,731,546,572,492,368,317,257,16,10,29,10,19,11,9,6,5,5,2,3,8,3,2,8,2,1,8249,7988,7343,7012,6273,5405,4700,4070,3719,3488,3214,2907,2818,2622,2439,2041,2134,1920,1372,1352,1265,1018,840,673,562,510,480,489,423,307,351,275,271,239,178,205,2003,3991,3509,5321,7107,6237,6920,6743,2003,64,140,211,253,406,324,412,468,64,156,149,108,174,357,378,376,460,156,47691,2577,2578,5209,3095,23633,8346,26728,31937,7408,44370,2539,782,8953,7585,10830,9988,9272,1063,367,7888,39394,28310,19352
109,634,685,673,639,552,474,453,518,473,441,499,456,450,359,364,309,315,359,1906,2068,1970,1877,1619,1350,1180,1125,968,965,960,860,854,776,693,717,595,611,3184,3303,2508,2372,2181,1474,1504,1583,1430,1152,896,933,1060,856,563,477,452,524,15098,15072,13688,12908,11529,8869,7704,7543,7112,6618,5925,5747,5693,5427,4763,4129,3845,3941,33,49,32,28,38,21,36,35,21,22,18,20,12,15,12,25,12,12,5194,4859,4476,4539,4070,3627,3035,2792,3036,2845,2830,2872,2785,3046,2846,2453,2321,2490,4814,4842,4734,4120,3659,2418,1985,2043,1678,1656,1239,1082,994,749,661,482,477,316,19,20,14,11,15,23,5,10,3,6,12,5,6,4,12,3,6,6,13192,13004,11718,11031,9910,7519,6524,6418,6144,5653,4965,4887,4839,4651,4070,3412,3250,3330,1220,1314,1251,1199,1014,832,686,562,471,496,431,379,386,398,305,380,262,234,3998,4417,6187,6443,7405,8242,10174,10200,3998,102,144,258,263,520,334,367,339,102,265,332,313,334,387,350,385,362,265,69930,2865,3576,10857,3684,27461,12082,31145,42002,15846,64605,4550,775,16795,12979,15413,12903,11512,328,440,8497,61032,49458,20472
110,684,664,760,752,685,615,557,563,526,550,466,479,446,374,321,347,378,332,2576,2479,2816,2356,2096,1789,1525,1422,1278,1320,1135,1133,1054,976,853,879,857,751,1972,2488,2033,2148,1891,1520,1249,1086,712,638,589,461,616,538,526,501,421,427,12138,12473,12104,11274,9839,8187,6979,6172,5188,4690,4043,3848,3934,3681,3715,3679,3704,3490,42,30,36,34,39,22,22,27,24,23,19,29,30,23,28,37,29,23,4578,4447,4448,4437,3795,3364,3077,2777,2368,1885,1640,1745,1788,1785,1984,1989,2184,2146,3012,3059,2807,2333,2057,1514,1128,887,830,847,679,509,476,382,352,310,242,166,36,22,36,29,21,29,9,11,11,7,5,9,4,8,7,8,6,4,9562,9994,9288,8918,7743,6398,5454,4750,3910,3370,2908,2715,2880,2705,2862,2800,2847,2739,1814,1763,1984,1541,1351,1123,937,821,717,740,645,616,574,571,497,487,444,392,2271,3883,5398,7452,8052,9881,11652,14368,2271,63,128,165,185,265,310,485,1074,63,172,318,366,420,430,352,556,659,172,73752,3680,3950,6441,4452,52637,3742,57089,63530,6480,68983,3200,1569,17458,14216,18535,13833,8778,932,669,7755,65602,55072,18679
111,262,263,247,220,240,171,117,164,124,126,159,141,127,140,154,121,111,109,565,663,638,567,522,448,322,320,281,306,307,299,233,243,267,242,246,200,1286,1138,1038,949,942,784,676,802,557,432,418,332,472,494,380,276,360,316,7544,7030,7155,6793,6084,4603,4042,3971,2962,2542,2326,2326,2256,2218,2068,1692,1676,1640,10,11,9,13,4,8,3,7,4,8,3,1,5,2,6,0,4,6,2288,2121,2131,2038,1923,1601,1463,1285,956,995,979,1057,1072,1157,1141,957,896,976,3405,3108,3348,3239,2697,1770,1581,1564,1168,809,622,638,479,324,280,217,174,148,3,12,6,4,2,6,2,1,2,0,4,1,0,2,1,0,0,1,6979,6367,6517,6226,5562,4155,3720,3651,2681,2236,2019,2027,2023,1975,1801,1450,1430,1440,290,377,376,330,276,263,200,148,151,172,141,156,101,99,106,121,131,84,1846,1665,2035,4616,3797,4200,4942,4705,1846,80,80,100,154,144,239,379,355,80,117,129,195,163,197,253,231,281,117,32486,1761,1821,4992,931,7914,11132,8845,13837,7517,29641,2335,510,9937,6220,6188,4712,5261,168,234,1213,31084,22953,9533
112,215,197,193,207,236,227,154,153,140,157,154,152,135,108,113,114,104,87,929,1033,932,880,763,684,550,497,419,403,389,371,314,286,322,321,308,211,1679,1432,1470,1363,1085,755,848,712,606,366,452,363,368,297,395,222,212,264,9559,9615,9493,9016,7009,5817,5608,4924,3880,3362,3279,3198,2937,2402,2666,2485,2078,1985,9,14,11,8,9,5,13,7,4,6,5,2,4,1,7,7,3,5,3473,3374,3011,3374,2664,2441,2426,2077,1922,1703,1752,1824,1774,1534,1676,1666,1333,1349,3478,3776,4080,3399,2497,1937,1784,1638,933,890,686,640,481,285,273,276,225,161,7,10,3,5,10,3,2,8,2,2,0,0,1,0,4,2,0,3,8630,8582,8561,8136,6246,5133,5058,4427,3461,2959,2890,2827,2623,2116,2344,2164,1770,1774,698,812,725,660,508,449,381,329,273,238,230,217,174,177,198,198,201,116,1775,2551,2361,2890,2366,2764,3232,3195,1775,124,72,80,114,107,121,131,203,124,294,181,195,170,160,182,314,291,294,24541,1226,2072,4376,938,6083,9966,7021,11397,3178,21958,1451,1132,6159,4237,4805,4371,4723,246,279,3740,20527,14951,9590
113,1238,1148,1052,1145,1083,919,680,801,730,712,685,667,543,447,486,463,566,590,2587,2513,2364,2402,2179,1879,1465,1508,1357,1267,1139,1073,930,812,881,819,967,1080,1564,1400,1184,1144,1060,934,752,704,607,585,506,447,374,304,310,346,366,408,13108,10634,9496,13505,10787,8670,7099,6405,5275,5121,5227,4262,3568,3333,3303,3398,3592,3751,66,76,61,64,65,62,52,53,52,36,44,37,39,35,42,33,21,26,6508,4351,4182,8097,5848,4344,3756,3222,2502,2593,2796,2208,1707,1750,1704,1826,1911,1939,2449,2370,1766,1862,1700,1513,1126,971,809,676,786,534,557,467,408,407,348,324,36,32,36,39,32,28,21,14,10,15,12,10,14,17,17,13,6,13,10521,8121,7132,11103,8608,6791,5634,4897,3918,3854,4088,3189,2638,2521,2422,2579,2625,2671,1247,1257,1215,1154,999,870,712,640,565,504,398,359,334,313,336,310,374,451,2647,3375,4515,4910,6816,8341,11045,9154,2647,134,262,548,373,639,496,1128,1194,134,233,282,267,256,370,528,588,619,233,63162,5507,3738,54883,819,2850,956,3669,58552,3654,57376,4324,1462,8544,11228,16007,13161,13323,899,643,4586,57915,45263,17898
114,1202,1227,1122,1136,1152,895,738,815,677,656,600,597,584,441,454,471,448,475,3085,3210,3060,2924,2495,2075,1829,1672,1530,1447,1246,1214,1157,960,963,942,929,810,2595,2603,2485,2316,2093,1865,1632,1384,1000,952,936,835,723,582,532,515,403,429,14019,14253,13336,12049,10853,9128,8255,7774,6712,6506,5844,5607,5491,4218,4479,4372,4165,4098,42,47,52,43,45,40,37,25,27,25,21,22,33,24,29,27,27,12,4750,4503,4446,4116,3960,3523,3217,3255,2987,3035,2599,2677,2759,2117,2384,2423,2430,2522,3589,3937,3345,2693,2305,1665,1577,1463,1195,1072,1063,881,852,559,600,492,403,337,30,20,25,25,14,21,18,18,8,9,13,5,5,8,8,8,8,5,10934,11043,10276,9125,8358,7053,6426,6102,5182,5059,4598,4393,4334,3258,3516,3430,3236,3288,1811,1916,1861,1720,1284,1119,1036,814,818,757,612,590,535,487,472,436,446,318,3505,5034,7169,9399,9898,11944,10944,10887,3505,128,272,760,1158,1408,1055,421,433,128,530,615,739,1015,1156,870,623,670,530,79123,6140,6958,30639,2979,23185,13798,26164,56803,8522,69314,6615,3194,16031,12943,17954,15599,15488,1108,568,19062,59706,59936,19183
115,847,799,828,811,660,654,596,619,545,526,537,496,465,362,389,379,471,367,2481,2574,2542,2187,1833,1679,1457,1315,1198,1150,1101,962,1017,784,864,849,915,738,2055,2201,2113,1952,1861,1520,1317,1146,824,649,502,503,547,513,488,498,411,398,13120,12549,11414,10635,9440,8358,7480,6184,5625,5133,4815,4480,4401,3524,3566,3321,3205,3002,39,39,41,27,34,30,37,24,16,28,15,20,24,20,23,41,21,24,5749,4716,4187,4287,4036,3689,3577,2877,2779,2539,2530,2379,2265,1799,1784,1597,1569,1594,2835,3058,2572,2209,1710,1470,1129,846,824,795,682,636,572,428,430,377,310,272,28,34,30,22,18,19,14,9,14,9,5,4,9,7,5,3,5,5,10639,9975,8872,8448,7607,6679,6023,4869,4427,3983,3714,3518,3384,2740,2702,2472,2290,2264,1567,1702,1643,1327,1121,976,810,663,623,587,544,442,519,395,447,426,418,342,1832,5411,7227,9626,5970,9742,12923,14023,1832,62,217,299,217,198,532,685,855,62,184,365,317,249,248,322,422,507,184,84910,3975,3285,7837,6751,59930,3307,66681,74518,7085,79365,2863,2682,13715,15925,24100,18635,11250,1285,672,7848,76237,64530,20380
120,1301,1167,1154,1160,1119,1022,927,964,773,616,716,670,566,438,570,582,563,527,2137,2083,2160,2243,2118,1881,1638,1710,1175,983,1078,967,861,731,848,917,920,859,2054,1837,1590,1728,1881,1376,986,857,691,583,607,554,557,460,437,431,365,364,9758,8700,7832,8014,8307,6458,5333,5288,4080,3790,3958,3543,3651,3140,3214,3333,3285,3109,57,46,29,42,49,33,37,46,27,25,31,23,21,22,22,36,27,25,3465,2898,2646,2676,3098,2336,1950,2039,1672,1713,1797,1690,1910,1702,1681,1756,1755,1662,2102,1882,1436,1367,1210,865,759,682,542,511,476,332,323,247,248,229,245,224,16,26,20,21,24,17,19,15,9,17,20,7,9,8,6,9,16,7,7621,6617,5672,5771,6189,4577,3695,3578,2905,2807,2880,2576,2790,2409,2366,2416,2365,2250,763,844,957,1020,926,809,655,685,366,325,311,267,265,263,250,290,314,300,5354,7177,5533,9954,10902,17554,20798,18529,5354,143,221,274,318,348,559,866,1008,143,365,401,387,668,631,1066,922,1107,365,112291,5262,6816,61101,4244,23033,19075,27277,88378,4836,97157,12916,2216,20856,21475,26407,22629,19738,1186,779,24099,87709,75160,37126
122,521,565,547,502,550,428,452,422,365,298,318,278,282,263,308,288,177,210,776,833,942,839,863,684,699,667,536,430,460,363,381,358,445,431,292,343,1204,1385,1337,1354,1008,721,655,590,406,342,287,238,305,222,253,240,188,271,9710,8755,8300,7997,7599,5898,5251,4644,3735,3638,3588,3171,3185,2832,2995,2803,2728,2810,18,17,20,14,9,19,8,7,13,8,13,6,15,9,8,10,9,6,3607,3223,3029,2964,3161,2532,2337,2234,1861,2013,2174,2033,2108,1960,2037,1902,1980,1978,4123,3314,2992,2840,2567,1961,1560,1153,932,853,667,537,391,292,260,230,268,218,8,4,7,3,7,4,8,2,2,0,3,4,3,0,1,5,2,3,8934,7922,7358,7158,6736,5214,4552,3977,3199,3208,3128,2808,2804,2474,2550,2372,2436,2467,229,247,368,320,297,233,231,236,156,124,126,75,81,86,128,128,104,124,2491,2738,3372,6276,6784,10754,6301,6601,2491,165,103,259,395,687,529,290,441,165,137,153,167,281,249,248,159,188,137,54852,3370,1925,8047,1136,7503,33669,8639,16686,4497,47307,6125,1420,17483,11149,10097,7585,8067,471,313,4509,50092,34324,20524
123,124,155,153,199,154,141,141,154,113,101,132,108,87,112,95,104,84,101,177,211,217,265,208,195,185,192,143,132,172,141,119,150,126,151,115,133,362,345,340,340,346,236,229,228,182,129,159,134,148,110,111,132,122,124,2382,2354,2011,2192,2060,1593,1362,1411,1243,1187,1141,970,947,927,893,929,1043,918,5,2,4,2,4,3,0,2,3,3,3,1,3,4,1,2,1,2,837,873,758,829,764,622,510,572,593,623,541,501,537,535,561,549,692,581,1006,925,696,758,742,540,438,419,325,303,269,194,143,132,95,97,114,80,5,0,0,1,3,5,1,1,1,0,2,2,0,1,1,1,2,2,2205,2143,1794,1927,1852,1398,1177,1219,1100,1055,969,829,828,777,767,778,928,785,43,54,60,63,47,46,43,37,26,28,35,30,29,33,29,44,28,28,982,1141,1583,2783,3049,4083,2556,2358,982,86,74,208,51,91,168,173,123,86,38,101,113,80,118,150,114,118,38,20562,1055,937,1025,188,1500,17146,1688,2713,703,19017,1410,135,7178,4648,3663,2578,2426,69,116,404,20033,8996,11565
